-- MySQL dump 10.13  Distrib 5.7.12, for osx10.9 (x86_64)
--
-- Host: yankuserver.com    Database: yankuser_tameTraffic
-- ------------------------------------------------------
-- Server version	5.5.54-cll

/*!40101 SET @OLD_CHARACTER_SET_CLIENT=@@CHARACTER_SET_CLIENT */;
/*!40101 SET @OLD_CHARACTER_SET_RESULTS=@@CHARACTER_SET_RESULTS */;
/*!40101 SET @OLD_COLLATION_CONNECTION=@@COLLATION_CONNECTION */;
/*!40101 SET NAMES utf8 */;
/*!40103 SET @OLD_TIME_ZONE=@@TIME_ZONE */;
/*!40103 SET TIME_ZONE='+00:00' */;
/*!40014 SET @OLD_UNIQUE_CHECKS=@@UNIQUE_CHECKS, UNIQUE_CHECKS=0 */;
/*!40014 SET @OLD_FOREIGN_KEY_CHECKS=@@FOREIGN_KEY_CHECKS, FOREIGN_KEY_CHECKS=0 */;
/*!40101 SET @OLD_SQL_MODE=@@SQL_MODE, SQL_MODE='NO_AUTO_VALUE_ON_ZERO' */;
/*!40111 SET @OLD_SQL_NOTES=@@SQL_NOTES, SQL_NOTES=0 */;

--
-- Table structure for table `category`
--

DROP TABLE IF EXISTS `category`;
/*!40101 SET @saved_cs_client     = @@character_set_client */;
/*!40101 SET character_set_client = utf8 */;
CREATE TABLE `category` (
  `idCategory` int(11) unsigned NOT NULL AUTO_INCREMENT,
  `name` varchar(60) NOT NULL,
  `slug` varchar(60) NOT NULL,
  PRIMARY KEY (`idCategory`)
) ENGINE=MyISAM AUTO_INCREMENT=53 DEFAULT CHARSET=latin1;
/*!40101 SET character_set_client = @saved_cs_client */;

--
-- Dumping data for table `category`
--

LOCK TABLES `category` WRITE;
/*!40000 ALTER TABLE `category` DISABLE KEYS */;
INSERT INTO `category` VALUES (1,'Ferretería','ferreteria'),(2,'Electrónica','electronica'),(3,'Hogar','hogar'),(4,'Accesorios / Moda','accesoriosmoda'),(5,'Textil','textil'),(6,'Promocionales','promocionales'),(7,'Fitness / Deportes','fitnessdeportes'),(8,'Salud y Belleza','saludybelleza'),(9,'Mascotas','mascotas'),(10,'Juguetes','juguetes'),(13,'Calzado','calzado'),(14,'Bebes','bebes'),(15,'Gourmet','gourmet'),(16,'Papelería','papeleria'),(17,'Otros','otros'),(18,'Calidad','calidad'),(19,'Inventarío','inventario');
/*!40000 ALTER TABLE `category` ENABLE KEYS */;
UNLOCK TABLES;

--
-- Table structure for table `container`
--

DROP TABLE IF EXISTS `container`;
/*!40101 SET @saved_cs_client     = @@character_set_client */;
/*!40101 SET character_set_client = utf8 */;
CREATE TABLE `container` (
  `idContainer` int(11) NOT NULL AUTO_INCREMENT,
  `status` int(11) NOT NULL,
  `nameAdmin` varchar(255) NOT NULL,
  `nameUser` varchar(255) NOT NULL,
  `commercialTerms` varchar(255) DEFAULT NULL,
  `deliveryLocation` varchar(255) DEFAULT NULL,
  `extraCost` int(11) DEFAULT NULL,
  `extraCostDescription` varchar(255) DEFAULT NULL,
  `validity` datetime NOT NULL,
  `timestamp` timestamp NOT NULL DEFAULT CURRENT_TIMESTAMP ON UPDATE CURRENT_TIMESTAMP,
  `user_idUser` int(11) NOT NULL,
  `taxableEntity_idTaxableEntity` int(11) NOT NULL,
  PRIMARY KEY (`idContainer`),
  KEY `fk_container_user1_idx` (`user_idUser`),
  KEY `fk_container_taxableEntity1_idx` (`taxableEntity_idTaxableEntity`),
  CONSTRAINT `fk_container_taxableEntity1` FOREIGN KEY (`taxableEntity_idTaxableEntity`) REFERENCES `taxableEntity` (`idTaxableEntity`) ON DELETE CASCADE ON UPDATE CASCADE,
  CONSTRAINT `fk_container_user1` FOREIGN KEY (`user_idUser`) REFERENCES `user` (`idUser`) ON DELETE CASCADE ON UPDATE CASCADE
) ENGINE=InnoDB AUTO_INCREMENT=12 DEFAULT CHARSET=latin1;
/*!40101 SET character_set_client = @saved_cs_client */;

--
-- Dumping data for table `container`
--

LOCK TABLES `container` WRITE;
/*!40000 ALTER TABLE `container` DISABLE KEYS */;
INSERT INTO `container` VALUES (5,0,'','eredrfergfv',NULL,'',NULL,NULL,'0000-00-00 00:00:00','2016-01-22 18:29:30',4,1),(6,0,'','plasticos waldos',NULL,'pedregal',NULL,NULL,'0000-00-00 00:00:00','2016-02-10 16:59:12',5,2),(7,0,'','Tortugas Ninja',NULL,'',NULL,NULL,'0000-00-00 00:00:00','2016-02-22 22:35:49',5,2),(8,0,'','Santiago Sanbrons',NULL,'',NULL,NULL,'0000-00-00 00:00:00','2016-02-23 16:33:41',5,2),(9,0,'','Bolsas PAco',NULL,'',NULL,NULL,'0000-00-00 00:00:00','2016-02-25 02:49:27',5,2),(10,0,'','Blanquita',NULL,'',NULL,NULL,'0000-00-00 00:00:00','2016-02-26 17:19:42',5,2),(11,0,'','NEULAND',NULL,'',NULL,NULL,'0000-00-00 00:00:00','2016-04-12 17:13:16',5,2);
/*!40000 ALTER TABLE `container` ENABLE KEYS */;
UNLOCK TABLES;

--
-- Table structure for table `container_has_product`
--

DROP TABLE IF EXISTS `container_has_product`;
/*!40101 SET @saved_cs_client     = @@character_set_client */;
/*!40101 SET character_set_client = utf8 */;
CREATE TABLE `container_has_product` (
  `container_idContainer` int(11) NOT NULL,
  `product_idProduct` int(11) NOT NULL,
  `quantity` int(11) NOT NULL DEFAULT '1',
  `deliveryLocation` varchar(255) DEFAULT NULL,
  `sm` tinyint(1) DEFAULT NULL,
  PRIMARY KEY (`container_idContainer`,`product_idProduct`),
  KEY `fk_container_has_product1_product2_idx` (`product_idProduct`),
  KEY `fk_container_has_product1_container2_idx` (`container_idContainer`),
  CONSTRAINT `fk_container_has_product1_container2` FOREIGN KEY (`container_idContainer`) REFERENCES `container` (`idContainer`) ON DELETE CASCADE ON UPDATE CASCADE,
  CONSTRAINT `fk_container_has_product1_product2` FOREIGN KEY (`product_idProduct`) REFERENCES `productold` (`idProduct`) ON DELETE CASCADE ON UPDATE CASCADE
) ENGINE=InnoDB DEFAULT CHARSET=latin1;
/*!40101 SET character_set_client = @saved_cs_client */;

--
-- Dumping data for table `container_has_product`
--

LOCK TABLES `container_has_product` WRITE;
/*!40000 ALTER TABLE `container_has_product` DISABLE KEYS */;
INSERT INTO `container_has_product` VALUES (5,2,1000,'agua',0),(5,3,1000,'buena',0),(6,10,1000,'pedregal',0),(7,25,3100,'',1),(7,44,1100,'',0),(8,4,1000,'',1),(9,4,1000,'',1),(10,44,1000,'',0),(11,4,0,'',1),(11,10,1000,'',1),(11,48,1000,'',1);
/*!40000 ALTER TABLE `container_has_product` ENABLE KEYS */;
UNLOCK TABLES;

--
-- Table structure for table `containment`
--

DROP TABLE IF EXISTS `containment`;
/*!40101 SET @saved_cs_client     = @@character_set_client */;
/*!40101 SET character_set_client = utf8 */;
CREATE TABLE `containment` (
  `idContainment` int(11) NOT NULL AUTO_INCREMENT,
  `token` varchar(255) NOT NULL,
  `timestamp` timestamp NOT NULL DEFAULT CURRENT_TIMESTAMP ON UPDATE CURRENT_TIMESTAMP,
  `type` int(11) NOT NULL,
  `user_idUser` int(11) NOT NULL,
  PRIMARY KEY (`idContainment`),
  KEY `fk_containment_user1_idx` (`user_idUser`),
  CONSTRAINT `fk_containment_user1` FOREIGN KEY (`user_idUser`) REFERENCES `user` (`idUser`) ON DELETE CASCADE ON UPDATE CASCADE
) ENGINE=InnoDB AUTO_INCREMENT=5 DEFAULT CHARSET=latin1;
/*!40101 SET character_set_client = @saved_cs_client */;

--
-- Dumping data for table `containment`
--

LOCK TABLES `containment` WRITE;
/*!40000 ALTER TABLE `containment` DISABLE KEYS */;
INSERT INTO `containment` VALUES (1,'de05383e69e368756962434241bc7c1967031b1aba1b037431d090965c34b46e577a2e476569cf3da73783545df5448d90d689a566437872ed81d73f5e5b4fd2','2016-02-19 01:58:34',0,7),(3,'0edf1c4a3e244f12b50f0bba358725b986cbcd12d2c5cd116bd04758d0320f72e308467c7e6ff2782b74dce25ceec2d99b2014135d820a509fd6aadf7d1c9096','2016-03-02 18:06:04',0,9);
/*!40000 ALTER TABLE `containment` ENABLE KEYS */;
UNLOCK TABLES;

--
-- Table structure for table `country`
--

DROP TABLE IF EXISTS `country`;
/*!40101 SET @saved_cs_client     = @@character_set_client */;
/*!40101 SET character_set_client = utf8 */;
CREATE TABLE `country` (
  `id_country` int(10) unsigned NOT NULL AUTO_INCREMENT,
  `code` char(2) NOT NULL,
  `country` varchar(105) NOT NULL,
  PRIMARY KEY (`id_country`)
) ENGINE=MyISAM AUTO_INCREMENT=252 DEFAULT CHARSET=utf8;
/*!40101 SET character_set_client = @saved_cs_client */;

--
-- Dumping data for table `country`
--

LOCK TABLES `country` WRITE;
/*!40000 ALTER TABLE `country` DISABLE KEYS */;
INSERT INTO `country` VALUES (1,'AU','Australia'),(2,'CN','China'),(3,'JP','Japan'),(4,'TH','Thailand'),(5,'IN','India'),(6,'MY','Malaysia'),(7,'KR','Kore'),(8,'HK','Hong Kong'),(9,'TW','Taiwan'),(10,'PH','Philippines'),(11,'VN','Vietnam'),(12,'FR','France'),(13,'EU','Europe'),(14,'DE','Germany'),(15,'SE','Sweden'),(16,'IT','Italy'),(17,'GR','Greece'),(18,'ES','Spain'),(19,'AT','Austria'),(20,'GB','United Kingdom'),(21,'NL','Netherlands'),(22,'BE','Belgium'),(23,'CH','Switzerland'),(24,'AE','United Arab Emirates'),(25,'IL','Israel'),(26,'UA','Ukraine'),(27,'RU','Russian Federation'),(28,'KZ','Kazakhstan'),(29,'PT','Portugal'),(30,'SA','Saudi Arabia'),(31,'DK','Denmark'),(32,'IR','Ira'),(33,'NO','Norway'),(34,'US','United States'),(35,'MX','Mexico'),(36,'CA','Canada'),(37,'A1','Anonymous Proxy'),(38,'SY','Syrian Arab Republic'),(39,'CY','Cyprus'),(40,'CZ','Czech Republic'),(41,'IQ','Iraq'),(42,'TR','Turkey'),(43,'RO','Romania'),(44,'LB','Lebanon'),(45,'HU','Hungary'),(46,'GE','Georgia'),(47,'BR','Brazil'),(48,'AZ','Azerbaijan'),(49,'A2','Satellite Provider'),(50,'PS','Palestinian Territory'),(51,'LT','Lithuania'),(52,'OM','Oman'),(53,'SK','Slovakia'),(54,'RS','Serbia'),(55,'FI','Finland'),(56,'IS','Iceland'),(57,'BG','Bulgaria'),(58,'SI','Slovenia'),(59,'MD','Moldov'),(60,'MK','Macedonia'),(61,'LI','Liechtenstein'),(62,'JE','Jersey'),(63,'PL','Poland'),(64,'HR','Croatia'),(65,'BA','Bosnia and Herzegovina'),(66,'EE','Estonia'),(67,'LV','Latvia'),(68,'JO','Jordan'),(69,'KG','Kyrgyzstan'),(70,'RE','Reunion'),(71,'IE','Ireland'),(72,'LY','Libya'),(73,'LU','Luxembourg'),(74,'AM','Armenia'),(75,'VG','Virgin Island'),(76,'YE','Yemen'),(77,'BY','Belarus'),(78,'GI','Gibraltar'),(79,'MQ','Martinique'),(80,'PA','Panama'),(81,'DO','Dominican Republic'),(82,'GU','Guam'),(83,'PR','Puerto Rico'),(84,'VI','Virgin Island'),(85,'MN','Mongolia'),(86,'NZ','New Zealand'),(87,'SG','Singapore'),(88,'ID','Indonesia'),(89,'NP','Nepal'),(90,'PG','Papua New Guinea'),(91,'PK','Pakistan'),(92,'AP','Asia/Pacific Region'),(93,'BS','Bahamas'),(94,'LC','Saint Lucia'),(95,'AR','Argentina'),(96,'BD','Bangladesh'),(97,'TK','Tokelau'),(98,'KH','Cambodia'),(99,'MO','Macau'),(100,'MV','Maldives'),(101,'AF','Afghanistan'),(102,'NC','New Caledonia'),(103,'FJ','Fiji'),(104,'WF','Wallis and Futuna'),(105,'QA','Qatar'),(106,'AL','Albania'),(107,'BZ','Belize'),(108,'UZ','Uzbekistan'),(109,'KW','Kuwait'),(110,'ME','Montenegro'),(111,'PE','Peru'),(112,'BM','Bermuda'),(113,'CW','Curacao'),(114,'CO','Colombia'),(115,'VE','Venezuela'),(116,'CL','Chile'),(117,'EC','Ecuador'),(118,'ZA','South Africa'),(119,'IM','Isle of Man'),(120,'BO','Bolivia'),(121,'GG','Guernsey'),(122,'MT','Malta'),(123,'TJ','Tajikistan'),(124,'SC','Seychelles'),(125,'BH','Bahrain'),(126,'EG','Egypt'),(127,'ZW','Zimbabwe'),(128,'LR','Liberia'),(129,'KE','Kenya'),(130,'GH','Ghana'),(131,'NG','Nigeria'),(132,'TZ','Tanzani'),(133,'ZM','Zambia'),(134,'MG','Madagascar'),(135,'AO','Angola'),(136,'NA','Namibia'),(137,'CI','Cote D\'Ivoire'),(138,'SD','Sudan'),(139,'CM','Cameroon'),(140,'MW','Malawi'),(141,'GA','Gabon'),(142,'ML','Mali'),(143,'BJ','Benin'),(144,'TD','Chad'),(145,'BW','Botswana'),(146,'CV','Cape Verde'),(147,'RW','Rwanda'),(148,'CG','Congo'),(149,'UG','Uganda'),(150,'MZ','Mozambique'),(151,'GM','Gambia'),(152,'LS','Lesotho'),(153,'MU','Mauritius'),(154,'MA','Morocco'),(155,'DZ','Algeria'),(156,'GN','Guinea'),(157,'CD','Cong'),(158,'SZ','Swaziland'),(159,'BF','Burkina Faso'),(160,'SL','Sierra Leone'),(161,'SO','Somalia'),(162,'NE','Niger'),(163,'CF','Central African Republic'),(164,'TG','Togo'),(165,'BI','Burundi'),(166,'GQ','Equatorial Guinea'),(167,'SS','South Sudan'),(168,'SN','Senegal'),(169,'MR','Mauritania'),(170,'DJ','Djibouti'),(171,'KM','Comoros'),(172,'IO','British Indian Ocean Territory'),(173,'TN','Tunisia'),(174,'GL','Greenland'),(175,'VA','Holy See (Vatican City State)'),(176,'CR','Costa Rica'),(177,'KY','Cayman Islands'),(178,'JM','Jamaica'),(179,'GT','Guatemala'),(180,'MH','Marshall Islands'),(181,'AQ','Antarctica'),(182,'BB','Barbados'),(183,'AW','Aruba'),(184,'MC','Monaco'),(185,'AI','Anguilla'),(186,'KN','Saint Kitts and Nevis'),(187,'GD','Grenada'),(188,'PY','Paraguay'),(189,'MS','Montserrat'),(190,'TC','Turks and Caicos Islands'),(191,'AG','Antigua and Barbuda'),(192,'TV','Tuvalu'),(193,'PF','French Polynesia'),(194,'SB','Solomon Islands'),(195,'VU','Vanuatu'),(196,'ER','Eritrea'),(197,'TT','Trinidad and Tobago'),(198,'AD','Andorra'),(199,'HT','Haiti'),(200,'SH','Saint Helena'),(201,'FM','Micronesi'),(202,'SV','El Salvador'),(203,'HN','Honduras'),(204,'UY','Uruguay'),(205,'LK','Sri Lanka'),(206,'EH','Western Sahara'),(207,'CX','Christmas Island'),(208,'WS','Samoa'),(209,'SR','Suriname'),(210,'CK','Cook Islands'),(211,'KI','Kiribati'),(212,'NU','Niue'),(213,'TO','Tonga'),(214,'TF','French Southern Territories'),(215,'YT','Mayotte'),(216,'NF','Norfolk Island'),(217,'BN','Brunei Darussalam'),(218,'TM','Turkmenistan'),(219,'PN','Pitcairn Islands'),(220,'SM','San Marino'),(221,'AX','Aland Islands'),(222,'FO','Faroe Islands'),(223,'SJ','Svalbard and Jan Mayen'),(224,'CC','Cocos (Keeling) Islands'),(225,'NR','Nauru'),(226,'GS','South Georgia and the South Sandwich Islands'),(227,'UM','United States Minor Outlying Islands'),(228,'GW','Guinea-Bissau'),(229,'PW','Palau'),(230,'AS','American Samoa'),(231,'BT','Bhutan'),(232,'GF','French Guiana'),(233,'GP','Guadeloupe'),(234,'MF','Saint Martin'),(235,'VC','Saint Vincent and the Grenadines'),(236,'PM','Saint Pierre and Miquelon'),(237,'BL','Saint Barthelemy'),(238,'DM','Dominica'),(239,'ST','Sao Tome and Principe'),(240,'KP','Kore'),(241,'FK','Falkland Islands (Malvinas)'),(242,'MP','Northern Mariana Islands'),(243,'TL','Timor-Leste'),(244,'BQ','Bonair'),(245,'MM','Myanmar'),(246,'NI','Nicaragua'),(247,'SX','Sint Maarten (Dutch part)'),(248,'GY','Guyana'),(249,'LA','Lao People\'s Democratic Republic'),(250,'CU','Cuba'),(251,'ET','Ethiopia');
/*!40000 ALTER TABLE `country` ENABLE KEYS */;
UNLOCK TABLES;

--
-- Table structure for table `dataImage`
--

DROP TABLE IF EXISTS `dataImage`;
/*!40101 SET @saved_cs_client     = @@character_set_client */;
/*!40101 SET character_set_client = utf8 */;
CREATE TABLE `dataImage` (
  `idDataImage` int(11) NOT NULL AUTO_INCREMENT,
  `name` varchar(255) DEFAULT NULL,
  `diskname` varchar(255) DEFAULT NULL,
  `type` varchar(255) DEFAULT NULL,
  `size` varchar(255) DEFAULT NULL,
  `folder` varchar(255) DEFAULT NULL,
  PRIMARY KEY (`idDataImage`)
) ENGINE=InnoDB AUTO_INCREMENT=135 DEFAULT CHARSET=latin1;
/*!40101 SET character_set_client = @saved_cs_client */;

--
-- Dumping data for table `dataImage`
--

LOCK TABLES `dataImage` WRITE;
/*!40000 ALTER TABLE `dataImage` DISABLE KEYS */;
INSERT INTO `dataImage` VALUES (1,'TRAVL0900_blk','a883190adfb49135d301743366172a34','image/jpeg','106937','012016/'),(2,'TRAVL0900_blu','ad48e1d1cf84ff01f69b6992633f0799','image/jpeg','98350','012016/'),(3,'TRAVL0900_grn','521c12f71c46ab45410c1c522c927bf8','image/jpeg','102950','012016/'),(4,'TRAVL0900_ntl','e8a04e5e457a07457377657b6e594420','image/jpeg','84624','012016/'),(5,'TRAVL0900_pnk','63ddab77fc113e57cbb9a476336bcd87','image/jpeg','85265','012016/'),(6,'TRAVL0900_red','a5e197a3c1d6622be4be4be1c505468e','image/jpeg','112563','012016/'),(7,'muÃ±ecas-novi-stars-y-complementos-109186236_1','621ed5cafb4aa97e222e454859d05a1e','image/jpeg','38274','022016/'),(8,'novi-stars-doll','f1de89605f533a0f8e98342b47e903b1','image/jpeg','505185','022016/'),(9,'FullSizeRender','93164f78b51d93b7439b577064cecd3e','image/jpeg','567234','022016/'),(10,'FullSizeRender[1]','a3ae47552bb918144355d83687f046f4','image/jpeg','620438','022016/'),(11,'IMG_0541','778e6a669874950f4f3701bd494fe255','image/jpeg','1420703','022016/'),(12,'IMG_0542','376b7cf0349423c6c933e8e76aea40c3','image/jpeg','1481034','022016/'),(13,'IMG_0543','65abdc0660691af7bc0ff79395a4f800','image/jpeg','1741486','022016/'),(14,'IMG_0544','c650cd07781f079094bf4d4b01913190','image/jpeg','1562108','022016/'),(15,'IMG_0545','7bb59d11c52c27ed95caeb73d44f544b','image/jpeg','1587689','022016/'),(16,'IMG_0550','8c76e2de57e7be75be465b81a43ba2fb','image/jpeg','1361274','022016/'),(17,'IMG_0551','ab5d5e5df066e21ad9becb64ddd88aa2','image/jpeg','1308982','022016/'),(18,'IMG_0552','d778b7adfb4a92e9a682bd9a3310ba0d','image/jpeg','1239704','022016/'),(19,'IMG_0553','0d7962a21e7a3aaaa302fd5aa26db43f','image/jpeg','1225782','022016/'),(20,'IMG_0554','7acc85801e31711350a67a69eaaccf0b','image/jpeg','1355930','022016/'),(21,'IMG_0555','111de57f7b18c14058398c739fdd4aa6','image/jpeg','1517924','022016/'),(22,'IMG_0556','88e2d03aaa84d1613e31b7b7b7f7e4f8','image/jpeg','1474989','022016/'),(23,'IMG_0557','aeceeaaa9df36b68faedd2e420b4b2d9','image/jpeg','1467464','022016/'),(24,'IMG_0558','093038e990841ab478b57c52d30d3589','image/jpeg','1962877','022016/'),(25,'IMG_0559','7355115687ff039d0971a54ccde456f0','image/jpeg','2034349','022016/'),(26,'IMG_0560','4cf1f64c5a7861ac0c32f9508b165019','image/jpeg','1678660','022016/'),(27,'IMG_0561','ea6cdafc6078756f78868184eb1a69ac','image/jpeg','2073552','022016/'),(28,'IMG_0562','0054fd7c4bb694453858e62a3af330fa','image/jpeg','2075960','022016/'),(29,'IMG_0564','6a6ad0b1f9620cddfec19fa15d5c9c80','image/jpeg','1303400','022016/'),(30,'IMG_0565','6570190543350c7c5c8e96728342f8c0','image/jpeg','1278889','022016/'),(31,'IMG_0566','85b28ffa0dbe65655dfe9a38a418195f','image/jpeg','1736473','022016/'),(32,'IMG_0693','6dfcb262717c518d2911abd27a9ee684','image/jpeg','1906128','022016/'),(33,'IMG_0693','18b674e4dd9c47810917f8475b4c1aed','image/jpeg','1906128','022016/'),(34,'IMG_0568','dc1617a7d31ccf05abe9fd5bf4a6dc00','image/jpeg','1460400','022016/'),(35,'IMG_0569','3841b11f8339983bbeaebac85e0a1d56','image/jpeg','1459054','022016/'),(36,'IMG_0570','55504c7167141a1f75d6287176654bc3','image/jpeg','1932308','022016/'),(37,'IMG_0688','3ee8382f392dcd24e56870efe400509d','image/jpeg','1235061','022016/'),(38,'IMG_0690','3383cd430caa368a5b1e34e2eacd775e','image/jpeg','1405718','022016/'),(39,'IMG_0687','5297351870e9982c57f12ab2604d3e91','image/jpeg','1224416','022016/'),(40,'IMG_0681','9127fcda002692d346a80a4e089d9db1','image/jpeg','1507688','022016/'),(41,'IMG_0682','4debfc317b9bb1434ea42a2d16983ca7','image/jpeg','1797796','022016/'),(42,'IMG_0683','b87f46b6b65e44f256446348046b5156','image/jpeg','1685283','022016/'),(43,'IMG_0571','65c024ee28e7779c34020dcccc3b54df','image/jpeg','1364899','022016/'),(44,'IMG_0572','4cb6a4541fd5a15676df841b4ab8f5c5','image/jpeg','1418935','022016/'),(45,'IMG_0573','9b950a51674d04fbb9a4334eb60690d5','image/jpeg','2116909','022016/'),(46,'IMG_0575','61077aee363f57903d403b0d5f81c34b','image/jpeg','1788107','022016/'),(47,'IMG_0576','cbde535d4bb68daa3973bab1df8cb215','image/jpeg','1598431','022016/'),(48,'IMG_0577','608ae612dd5f1b61d7d96a1e2d3795fb','image/jpeg','1789350','022016/'),(49,'IMG_0578','6b1f197c32414bac929457bf9eea7426','image/jpeg','2529594','022016/'),(50,'IMG_0579','39449b1d5b1fc4e0c2cec47a7705a625','image/jpeg','1603178','022016/'),(51,'IMG_0580','0e78978005d36e31dda6409575ea3a09','image/jpeg','1661484','022016/'),(52,'IMG_0582','98a168b23740d6faa87f31aba702d564','image/jpeg','1525554','022016/'),(53,'IMG_0584','5f0047438d560d0002e7a92d86e70916','image/jpeg','2124505','022016/'),(54,'IMG_0585','304d904e1762d325f4a769e93731480e','image/jpeg','2059581','022016/'),(55,'IMG_0586','0a4045b7501086fdc048a0c01d079123','image/jpeg','1769155','022016/'),(56,'IMG_0587','e1f8ce764e1321c02b9a6bcbebd4996c','image/jpeg','2052093','022016/'),(57,'IMG_0592','a10404e9a4399e1805db8932d4f107fe','image/jpeg','1751104','022016/'),(58,'IMG_0595','d45802fb8bde8c191ee0f34ffa37c35f','image/jpeg','1584958','022016/'),(59,'IMG_0596','f56061273e2391837902727a2a8e6c56','image/jpeg','1487816','022016/'),(60,'IMG_0597','5f8b338fa5489ed1b2e9ecc97f57fd42','image/jpeg','1638359','022016/'),(61,'IMG_0599','298a9b979ce16092025dc3b5c4e4f91b','image/jpeg','1780096','022016/'),(62,'IMG_0602','c7436a571d0dd9b7974d0b8e699fde2c','image/jpeg','1555759','022016/'),(63,'IMG_0603','422a7380f5e8e5653c07c548e0a4c19f','image/jpeg','1157041','022016/'),(64,'IMG_0604','6f8c97b271d2fc1b6c3018a6739b62dd','image/jpeg','1194256','022016/'),(65,'IMG_0607','d17cdfd0325a96e28d18c14fc22f965f','image/jpeg','1643960','022016/'),(66,'IMG_0608','5dc8f3b3d0792c5be5951296c8e487ae','image/jpeg','1366853','022016/'),(67,'IMG_0609','73bf609913ed228598161c67e769b4aa','image/jpeg','1315657','022016/'),(68,'IMG_0610','1787e23e0266e3f3cb9e57063856436a','image/jpeg','1330601','022016/'),(69,'IMG_0611','d21afb85e340e6651eac1050b0006300','image/jpeg','1169718','022016/'),(70,'IMG_0612','4a4db357e4acea2eaafcac834ae2d0e5','image/jpeg','1256841','022016/'),(71,'IMG_0613','983e059697423992c4c4eb78292e666d','image/jpeg','1582785','022016/'),(72,'IMG_0614','1cf581289c816ea8a5c5fe3558511e5e','image/jpeg','1449413','022016/'),(73,'IMG_0615','8eb5d7d77b754abf357dbddcb6e8eef5','image/jpeg','1196469','022016/'),(74,'IMG_0616','5e58cf02e0a518542d4202f1bb2d36e0','image/jpeg','1250241','022016/'),(75,'IMG_0617','022037dcd2125ea4837118a3fbcfe2f5','image/jpeg','1343985','022016/'),(76,'IMG_0618','5aea9aec2f6d637e16a5509e7f840066','image/jpeg','1274342','022016/'),(77,'IMG_0619','40f35955d0304de6d32ffca0e28d9de0','image/jpeg','1254519','022016/'),(78,'IMG_0620','80a6dad150247ef96a87b719482bbc2a','image/jpeg','1259911','022016/'),(79,'IMG_0622','d2ebdf7aee246283c6604458d1aca359','image/jpeg','1335979','022016/'),(80,'IMG_0623','d8fb9aefee03d1ca1d99977a897abd35','image/jpeg','1284366','022016/'),(81,'IMG_0624','f6e0b4f72ff645a49878ad4775e4a2c8','image/jpeg','1238365','022016/'),(82,'IMG_0625','c98863bbd8806b7e9e1c061b00e64088','image/jpeg','1193550','022016/'),(83,'IMG_0626','741bada5daa1edb2d29ea02f6300e637','image/jpeg','1412106','022016/'),(84,'IMG_0627','a78f116d84c404054add1ec496f03756','image/jpeg','1409961','022016/'),(85,'IMG_0642','aeb280a005118d2de6a4c2175d12add2','image/jpeg','1282008','022016/'),(86,'IMG_0643','d5184c4e9bb95508440ab1ed65c2e48d','image/jpeg','1333240','022016/'),(87,'IMG_0644','0fec54e89d4f228b56b1eb228343fbb9','image/jpeg','1535217','022016/'),(88,'IMG_0645','03d39392095d92b0793b2ef7edc9ff37','image/jpeg','1486578','022016/'),(89,'IMG_0637','eabc276ad613bfa5b4c19a3b6fddb19c','image/jpeg','1414831','022016/'),(90,'IMG_0638','28a9db425466100b931d7d632d106e16','image/jpeg','1304975','022016/'),(91,'IMG_0639','4260fbcdba7851ebc5573231d371dd67','image/jpeg','1615055','022016/'),(92,'IMG_0640','5ccbce79951b2dd02ab462800dca03c1','image/jpeg','1520099','022016/'),(93,'IMG_0632','ceadeda96d1d98928f60c91d8340f7be','image/jpeg','1141226','022016/'),(94,'IMG_0636','828ea79b2d6cabf09dc0c3a3f037eab8','image/jpeg','1155818','022016/'),(95,'IMG_0634','76ef239bb196563e6d72b1c9803a8864','image/jpeg','1636393','022016/'),(96,'IMG_0635','1f84abe8802d3d7580fb89aa2ddf94e3','image/jpeg','1485799','022016/'),(97,'IMG_0619','39e80eb8ef8bf80965e42ab320a7a02c','image/jpeg','1254519','022016/'),(98,'IMG_0620','aae8c609f886fd5d770b13f696aa8ef1','image/jpeg','1259911','022016/'),(99,'IMG_0622','60495e7795239eb31dd79d73d6efa769','image/jpeg','1335979','022016/'),(100,'IMG_0623','8a4ed7fbea4da9249f64b86d7309b8ee','image/jpeg','1284366','022016/'),(101,'IMG_0646','f382a1a361d9700c3ba1215cceb06f80','image/jpeg','1666620','022016/'),(102,'IMG_0647','94d7d07865150531376a2d12985a4a1a','image/jpeg','1540743','022016/'),(103,'IMG_0648','64a810375801889b96fa54f9ae474dd4','image/jpeg','1467647','022016/'),(104,'IMG_0649','2e019f0c498f9b3cfc77fc40d2858a29','image/jpeg','1524419','022016/'),(105,'IMG_0650','18157a6f05fb63d3cf802637aa353645','image/jpeg','1654429','022016/'),(106,'IMG_0651','6f5ef0f59b1ceb6b0882efb72211aee9','image/jpeg','1595050','022016/'),(107,'IMG_0653','d40fc1ddbbf5afbd613758a889567b29','image/jpeg','2085243','022016/'),(108,'IMG_0654','4dd7dffbde9f90241b9f9169c2420a2c','image/jpeg','2070736','022016/'),(109,'IMG_0661','934746fbb6bf4aacbc76c40c785f4ea6','image/jpeg','1321744','022016/'),(110,'IMG_0662','9e1d5d562d5e8bfb1d46f1e8758c8abe','image/jpeg','1551000','022016/'),(111,'IMG_0663','a6478d228ace6573e24342e61caf9484','image/jpeg','1796974','022016/'),(112,'IMG_0665','a6de170a5e145ef58f96b0472e14018c','image/jpeg','2137561','022016/'),(113,'IMG_0666','4b8055926c46601e1f9d507c47ed1f54','image/jpeg','1607079','022016/'),(114,'IMG_0667','b07d871b0d6e95eedd3e3fb2717f0d67','image/jpeg','1635495','022016/'),(115,'IMG_0668','fe5fed2427ee6c02ddd60d68caad31af','image/jpeg','1755457','022016/'),(116,'IMG_0669','767755e03093bda849a47441908810c8','image/jpeg','1219190','022016/'),(117,'IMG_0670','ad86f96acec805f650ddddf68cfc95d0','image/jpeg','1573178','022016/'),(118,'IMG_0671','8ffa57169d08033f61c65a3250a01ab9','image/jpeg','1445846','022016/'),(119,'IMG_0672','650cb816fef810b19ff1984a7e2b0f38','image/jpeg','1380545','022016/'),(120,'IMG_0673','9297cf4a3a3de43b2ecf6ea4a465e72f','image/jpeg','1447388','022016/'),(121,'IMG_0674','46cd6e55555aaad71fe461c63dd45ff0','image/jpeg','1337101','022016/'),(122,'IMG_0675','cc6f4f358ec2f976e6002795dee8720d','image/jpeg','1286722','022016/'),(123,'IMG_0676','6d66a820c7a4510113a28477fc81a39f','image/jpeg','1318390','022016/'),(124,'IMG_0677','6cee4ddfca02987eb7faaab16b951aca','image/jpeg','1484722','022016/'),(125,'IMG_0678','91bb9273dc6661d04f51cc93a1f252bf','image/jpeg','1457198','022016/'),(126,'IMG_0679','421239a7d2951a4979bbaf7684223396','image/jpeg','1904550','022016/'),(127,'Leot  ML damas','2e12751456fc54e44c986936c57ce2e9','image/jpeg','174710','022016/'),(128,'Leot  ML NiÃ±a ','c2930375a0b7b76f1cd025f05dbdd216','image/jpeg','144686','022016/'),(129,'Leot  MC niÃ±as','2a4c4d53c9b78d45ad43b361572d724a','image/jpeg','156448','022016/'),(130,'74c3b89fee7e6dec917ea7bd6b1f5071_thumb_Designer-Stubble1','eeab688d828526b3de31e37c7be5fe8d','image/jpeg','5047','022016/'),(131,'Snapshot_20131129','b71c8cd762a4091ddf2166c4224cb388','image/jpeg','50975','022016/'),(132,'Leot  MC damas ','ab1f94ccfa780ac7e266d4eaeb21a923','image/jpeg','183325','032016/'),(133,'cuerdas-saltar-nylon-elksport-6868-med','2f89ed8855fb97371f350af8cd1d07bc','image/jpeg','33262','032016/'),(134,'cuerdas-saltar-nylon-elksport-6868-med','53c35055681ccf78ae79266814f69599','image/jpeg','33262','032016/');
/*!40000 ALTER TABLE `dataImage` ENABLE KEYS */;
UNLOCK TABLES;

--
-- Table structure for table `favProduct`
--

DROP TABLE IF EXISTS `favProduct`;
/*!40101 SET @saved_cs_client     = @@character_set_client */;
/*!40101 SET character_set_client = utf8 */;
CREATE TABLE `favProduct` (
  `idFavProduct` int(11) NOT NULL AUTO_INCREMENT,
  `user_idUser` int(11) NOT NULL,
  `product_idProduct` int(11) NOT NULL,
  PRIMARY KEY (`idFavProduct`),
  KEY `fk_favProducts_user1_idx` (`user_idUser`),
  KEY `fk_favProducts_product1_idx` (`product_idProduct`),
  CONSTRAINT `fk_favProducts_product1` FOREIGN KEY (`product_idProduct`) REFERENCES `productold` (`idProduct`) ON DELETE CASCADE ON UPDATE CASCADE,
  CONSTRAINT `fk_favProducts_user1` FOREIGN KEY (`user_idUser`) REFERENCES `user` (`idUser`) ON DELETE CASCADE ON UPDATE CASCADE
) ENGINE=InnoDB DEFAULT CHARSET=latin1;
/*!40101 SET character_set_client = @saved_cs_client */;

--
-- Dumping data for table `favProduct`
--

LOCK TABLES `favProduct` WRITE;
/*!40000 ALTER TABLE `favProduct` DISABLE KEYS */;
/*!40000 ALTER TABLE `favProduct` ENABLE KEYS */;
UNLOCK TABLES;

--
-- Table structure for table `idea`
--

DROP TABLE IF EXISTS `idea`;
/*!40101 SET @saved_cs_client     = @@character_set_client */;
/*!40101 SET character_set_client = utf8 */;
CREATE TABLE `idea` (
  `idIdea` int(11) NOT NULL AUTO_INCREMENT,
  `name` varchar(255) NOT NULL,
  `description` varchar(255) NOT NULL,
  `category` varchar(255) NOT NULL,
  `status` int(11) NOT NULL DEFAULT '0',
  `timestamp` timestamp NOT NULL DEFAULT CURRENT_TIMESTAMP ON UPDATE CURRENT_TIMESTAMP,
  `user_idUser` int(11) NOT NULL,
  PRIMARY KEY (`idIdea`),
  KEY `fk_idea_user1_idx` (`user_idUser`),
  CONSTRAINT `fk_idea_user1` FOREIGN KEY (`user_idUser`) REFERENCES `user` (`idUser`) ON DELETE CASCADE ON UPDATE CASCADE
) ENGINE=InnoDB AUTO_INCREMENT=2 DEFAULT CHARSET=latin1;
/*!40101 SET character_set_client = @saved_cs_client */;

--
-- Dumping data for table `idea`
--

LOCK TABLES `idea` WRITE;
/*!40000 ALTER TABLE `idea` DISABLE KEYS */;
INSERT INTO `idea` VALUES (1,'cucharon dino','cuhcaron entretenido','hogar',1,'2016-02-10 17:24:19',5);
/*!40000 ALTER TABLE `idea` ENABLE KEYS */;
UNLOCK TABLES;

--
-- Table structure for table `idea_has_image`
--

DROP TABLE IF EXISTS `idea_has_image`;
/*!40101 SET @saved_cs_client     = @@character_set_client */;
/*!40101 SET character_set_client = utf8 */;
CREATE TABLE `idea_has_image` (
  `idea_idIdea` int(11) NOT NULL,
  `image_idImage` int(11) NOT NULL,
  PRIMARY KEY (`idea_idIdea`,`image_idImage`),
  KEY `fk_idea_has_image1_image1_idx` (`image_idImage`),
  KEY `fk_idea_has_image1_idea1_idx` (`idea_idIdea`),
  CONSTRAINT `fk_idea_has_image1_idea1` FOREIGN KEY (`idea_idIdea`) REFERENCES `idea` (`idIdea`) ON DELETE CASCADE ON UPDATE CASCADE,
  CONSTRAINT `fk_idea_has_image1_image1` FOREIGN KEY (`image_idImage`) REFERENCES `image` (`idImage`) ON DELETE CASCADE ON UPDATE CASCADE
) ENGINE=InnoDB DEFAULT CHARSET=latin1;
/*!40101 SET character_set_client = @saved_cs_client */;

--
-- Dumping data for table `idea_has_image`
--

LOCK TABLES `idea_has_image` WRITE;
/*!40000 ALTER TABLE `idea_has_image` DISABLE KEYS */;
INSERT INTO `idea_has_image` VALUES (1,122);
/*!40000 ALTER TABLE `idea_has_image` ENABLE KEYS */;
UNLOCK TABLES;

--
-- Table structure for table `image`
--

DROP TABLE IF EXISTS `image`;
/*!40101 SET @saved_cs_client     = @@character_set_client */;
/*!40101 SET character_set_client = utf8 */;
CREATE TABLE `image` (
  `idImage` int(11) NOT NULL AUTO_INCREMENT,
  `source` varchar(255) NOT NULL,
  `url` varchar(255) NOT NULL,
  `dataImage_idDataImage` int(11) DEFAULT NULL,
  `timestamp` timestamp NOT NULL DEFAULT CURRENT_TIMESTAMP ON UPDATE CURRENT_TIMESTAMP,
  PRIMARY KEY (`idImage`),
  KEY `fk_image_dataImage1_idx` (`dataImage_idDataImage`),
  CONSTRAINT `fk_image_dataImage1` FOREIGN KEY (`dataImage_idDataImage`) REFERENCES `dataImage` (`idDataImage`) ON DELETE CASCADE ON UPDATE CASCADE
) ENGINE=InnoDB AUTO_INCREMENT=156 DEFAULT CHARSET=latin1;
/*!40101 SET character_set_client = @saved_cs_client */;

--
-- Dumping data for table `image`
--

LOCK TABLES `image` WRITE;
/*!40000 ALTER TABLE `image` DISABLE KEYS */;
INSERT INTO `image` VALUES (1,'web','http://thumbs.dreamstime.com/z/vintage-tag-10696558.jpg',NULL,'2016-01-21 18:52:26'),(2,'web','http://ariasthous.com/imagenes/aplauso.jpg',NULL,'2016-01-21 19:32:43'),(3,'web','https://www.closemarketing.es/wp-content/uploads/2012/03/logotipo-gv-ingenieros-definitivo.jpg',NULL,'2016-01-21 22:30:42'),(4,'local','http://yankuserver.com/tamet/back/012016/a883190adfb49135d301743366172a34.jpg',1,'2016-01-29 22:11:00'),(5,'local','http://yankuserver.com/tamet/back/012016/ad48e1d1cf84ff01f69b6992633f0799.jpg',2,'2016-01-29 22:11:00'),(6,'local','http://yankuserver.com/tamet/back/012016/521c12f71c46ab45410c1c522c927bf8.jpg',3,'2016-01-29 22:11:00'),(7,'local','http://yankuserver.com/tamet/back/012016/e8a04e5e457a07457377657b6e594420.jpg',4,'2016-01-29 22:11:00'),(8,'local','http://yankuserver.com/tamet/back/012016/63ddab77fc113e57cbb9a476336bcd87.jpg',5,'2016-01-29 22:11:00'),(9,'local','http://yankuserver.com/tamet/back/012016/a5e197a3c1d6622be4be4be1c505468e.jpg',6,'2016-01-29 22:11:00'),(10,'local','http://yankuserver.com/tamet/back/022016/621ed5cafb4aa97e222e454859d05a1e.jpg',7,'2016-02-02 19:37:37'),(11,'local','http://yankuserver.com/tamet/back/022016/f1de89605f533a0f8e98342b47e903b1.jpg',8,'2016-02-02 19:37:37'),(12,'local','http://yankuserver.com/tamet/back/022016/93164f78b51d93b7439b577064cecd3e.jpg',9,'2016-02-04 23:45:05'),(13,'local','http://yankuserver.com/tamet/back/022016/a3ae47552bb918144355d83687f046f4.jpg',10,'2016-02-04 23:45:05'),(14,'web','https://image.spreadshirtmedia.net/image-server/v1/products/105666366/views/1,width=378,height=378,appearanceId=364,version=1385788111/I-love-u-Corazon-Ositos-de-peluche.png',NULL,'2016-02-05 00:01:04'),(15,'web','http://i50.twenga.com/juegos-y-juguetes/peluche/peluche-premium-45-cm.-tp_1828018788097852341f.jpg',NULL,'2016-02-05 00:01:04'),(16,'web','http://estaticos3.milanuncios.com/fg/1281/14/esqui/Gafas-de-sol-BAMBU-lentes-polarizadas-128114313_2.jpg',NULL,'2016-02-06 03:35:51'),(17,'web','http://mlm-s1-p.mlstatic.com/sol-lentes-166001-MLM20264063520_032015-Y.jpg',NULL,'2016-02-06 03:35:51'),(18,'web','http://www.revistaboutiquechile.cl/imagenes/630bam.png',NULL,'2016-02-06 03:35:51'),(19,'local','http://yankuserver.com/tamet/back/022016/778e6a669874950f4f3701bd494fe255.jpg',11,'2016-02-08 19:20:02'),(20,'local','http://yankuserver.com/tamet/back/022016/376b7cf0349423c6c933e8e76aea40c3.jpg',12,'2016-02-08 19:20:02'),(21,'local','http://yankuserver.com/tamet/back/022016/65abdc0660691af7bc0ff79395a4f800.jpg',13,'2016-02-08 19:20:02'),(22,'local','http://yankuserver.com/tamet/back/022016/c650cd07781f079094bf4d4b01913190.jpg',14,'2016-02-08 19:32:39'),(23,'local','http://yankuserver.com/tamet/back/022016/7bb59d11c52c27ed95caeb73d44f544b.jpg',15,'2016-02-08 19:32:39'),(24,'local','http://yankuserver.com/tamet/back/022016/8c76e2de57e7be75be465b81a43ba2fb.jpg',16,'2016-02-08 19:45:31'),(25,'local','http://yankuserver.com/tamet/back/022016/ab5d5e5df066e21ad9becb64ddd88aa2.jpg',17,'2016-02-08 19:45:31'),(26,'local','http://yankuserver.com/tamet/back/022016/d778b7adfb4a92e9a682bd9a3310ba0d.jpg',18,'2016-02-08 19:45:31'),(27,'local','http://yankuserver.com/tamet/back/022016/0d7962a21e7a3aaaa302fd5aa26db43f.jpg',19,'2016-02-08 19:45:31'),(28,'local','http://yankuserver.com/tamet/back/022016/7acc85801e31711350a67a69eaaccf0b.jpg',20,'2016-02-08 20:01:42'),(29,'local','http://yankuserver.com/tamet/back/022016/111de57f7b18c14058398c739fdd4aa6.jpg',21,'2016-02-08 20:01:42'),(30,'local','http://yankuserver.com/tamet/back/022016/88e2d03aaa84d1613e31b7b7b7f7e4f8.jpg',22,'2016-02-08 20:08:52'),(31,'local','http://yankuserver.com/tamet/back/022016/aeceeaaa9df36b68faedd2e420b4b2d9.jpg',23,'2016-02-08 20:08:52'),(32,'local','http://yankuserver.com/tamet/back/022016/093038e990841ab478b57c52d30d3589.jpg',24,'2016-02-08 20:19:10'),(33,'local','http://yankuserver.com/tamet/back/022016/7355115687ff039d0971a54ccde456f0.jpg',25,'2016-02-08 20:19:10'),(34,'local','http://yankuserver.com/tamet/back/022016/4cf1f64c5a7861ac0c32f9508b165019.jpg',26,'2016-02-08 20:19:10'),(35,'local','http://yankuserver.com/tamet/back/022016/ea6cdafc6078756f78868184eb1a69ac.jpg',27,'2016-02-08 20:19:10'),(36,'local','http://yankuserver.com/tamet/back/022016/0054fd7c4bb694453858e62a3af330fa.jpg',28,'2016-02-08 20:19:10'),(37,'local','http://yankuserver.com/tamet/back/022016/6a6ad0b1f9620cddfec19fa15d5c9c80.jpg',29,'2016-02-08 21:50:22'),(38,'local','http://yankuserver.com/tamet/back/022016/6570190543350c7c5c8e96728342f8c0.jpg',30,'2016-02-08 21:50:22'),(39,'local','http://yankuserver.com/tamet/back/022016/85b28ffa0dbe65655dfe9a38a418195f.jpg',31,'2016-02-08 21:50:22'),(40,'local','http://yankuserver.com/tamet/back/022016/6dfcb262717c518d2911abd27a9ee684.jpg',32,'2016-02-08 21:54:51'),(41,'local','http://yankuserver.com/tamet/back/022016/18b674e4dd9c47810917f8475b4c1aed.jpg',33,'2016-02-08 21:54:51'),(42,'local','http://yankuserver.com/tamet/back/022016/dc1617a7d31ccf05abe9fd5bf4a6dc00.jpg',34,'2016-02-08 22:00:19'),(43,'local','http://yankuserver.com/tamet/back/022016/3841b11f8339983bbeaebac85e0a1d56.jpg',35,'2016-02-08 22:00:19'),(44,'local','http://yankuserver.com/tamet/back/022016/55504c7167141a1f75d6287176654bc3.jpg',36,'2016-02-08 22:00:19'),(45,'local','http://yankuserver.com/tamet/back/022016/3ee8382f392dcd24e56870efe400509d.jpg',37,'2016-02-08 22:11:00'),(46,'local','http://yankuserver.com/tamet/back/022016/3383cd430caa368a5b1e34e2eacd775e.jpg',38,'2016-02-08 22:11:00'),(47,'local','http://yankuserver.com/tamet/back/022016/5297351870e9982c57f12ab2604d3e91.jpg',39,'2016-02-08 22:11:00'),(48,'local','http://yankuserver.com/tamet/back/022016/9127fcda002692d346a80a4e089d9db1.jpg',40,'2016-02-08 22:19:41'),(49,'local','http://yankuserver.com/tamet/back/022016/4debfc317b9bb1434ea42a2d16983ca7.jpg',41,'2016-02-08 22:19:41'),(50,'local','http://yankuserver.com/tamet/back/022016/b87f46b6b65e44f256446348046b5156.jpg',42,'2016-02-08 22:19:41'),(51,'local','http://yankuserver.com/tamet/back/022016/65c024ee28e7779c34020dcccc3b54df.jpg',43,'2016-02-08 22:23:00'),(52,'local','http://yankuserver.com/tamet/back/022016/4cb6a4541fd5a15676df841b4ab8f5c5.jpg',44,'2016-02-08 22:23:00'),(53,'local','http://yankuserver.com/tamet/back/022016/9b950a51674d04fbb9a4334eb60690d5.jpg',45,'2016-02-08 22:23:00'),(54,'local','http://yankuserver.com/tamet/back/022016/61077aee363f57903d403b0d5f81c34b.jpg',46,'2016-02-08 22:33:45'),(55,'local','http://yankuserver.com/tamet/back/022016/cbde535d4bb68daa3973bab1df8cb215.jpg',47,'2016-02-08 22:33:45'),(56,'local','http://yankuserver.com/tamet/back/022016/608ae612dd5f1b61d7d96a1e2d3795fb.jpg',48,'2016-02-08 22:54:34'),(57,'local','http://yankuserver.com/tamet/back/022016/6b1f197c32414bac929457bf9eea7426.jpg',49,'2016-02-08 22:54:34'),(58,'local','http://yankuserver.com/tamet/back/022016/39449b1d5b1fc4e0c2cec47a7705a625.jpg',50,'2016-02-08 23:03:49'),(59,'local','http://yankuserver.com/tamet/back/022016/0e78978005d36e31dda6409575ea3a09.jpg',51,'2016-02-08 23:03:49'),(60,'local','http://yankuserver.com/tamet/back/022016/98a168b23740d6faa87f31aba702d564.jpg',52,'2016-02-08 23:03:49'),(61,'local','http://yankuserver.com/tamet/back/022016/5f0047438d560d0002e7a92d86e70916.jpg',53,'2016-02-08 23:10:34'),(62,'local','http://yankuserver.com/tamet/back/022016/304d904e1762d325f4a769e93731480e.jpg',54,'2016-02-08 23:22:51'),(63,'local','http://yankuserver.com/tamet/back/022016/0a4045b7501086fdc048a0c01d079123.jpg',55,'2016-02-08 23:22:51'),(64,'local','http://yankuserver.com/tamet/back/022016/e1f8ce764e1321c02b9a6bcbebd4996c.jpg',56,'2016-02-08 23:22:51'),(65,'local','http://yankuserver.com/tamet/back/022016/a10404e9a4399e1805db8932d4f107fe.jpg',57,'2016-02-09 17:53:48'),(66,'local','http://yankuserver.com/tamet/back/022016/d45802fb8bde8c191ee0f34ffa37c35f.jpg',58,'2016-02-09 17:53:48'),(67,'local','http://yankuserver.com/tamet/back/022016/f56061273e2391837902727a2a8e6c56.jpg',59,'2016-02-09 18:06:45'),(68,'local','http://yankuserver.com/tamet/back/022016/5f8b338fa5489ed1b2e9ecc97f57fd42.jpg',60,'2016-02-09 18:06:45'),(69,'local','http://yankuserver.com/tamet/back/022016/298a9b979ce16092025dc3b5c4e4f91b.jpg',61,'2016-02-09 18:06:45'),(70,'local','http://yankuserver.com/tamet/back/022016/c7436a571d0dd9b7974d0b8e699fde2c.jpg',62,'2016-02-09 18:19:33'),(71,'local','http://yankuserver.com/tamet/back/022016/422a7380f5e8e5653c07c548e0a4c19f.jpg',63,'2016-02-09 18:19:33'),(72,'local','http://yankuserver.com/tamet/back/022016/6f8c97b271d2fc1b6c3018a6739b62dd.jpg',64,'2016-02-09 18:19:33'),(73,'local','http://yankuserver.com/tamet/back/022016/d17cdfd0325a96e28d18c14fc22f965f.jpg',65,'2016-02-09 18:19:33'),(74,'local','http://yankuserver.com/tamet/back/022016/5dc8f3b3d0792c5be5951296c8e487ae.jpg',66,'2016-02-09 18:28:20'),(75,'local','http://yankuserver.com/tamet/back/022016/73bf609913ed228598161c67e769b4aa.jpg',67,'2016-02-09 18:28:20'),(76,'local','http://yankuserver.com/tamet/back/022016/1787e23e0266e3f3cb9e57063856436a.jpg',68,'2016-02-09 18:28:20'),(77,'local','http://yankuserver.com/tamet/back/022016/d21afb85e340e6651eac1050b0006300.jpg',69,'2016-02-09 18:53:47'),(78,'local','http://yankuserver.com/tamet/back/022016/4a4db357e4acea2eaafcac834ae2d0e5.jpg',70,'2016-02-09 18:53:47'),(79,'local','http://yankuserver.com/tamet/back/022016/983e059697423992c4c4eb78292e666d.jpg',71,'2016-02-09 18:53:47'),(80,'local','http://yankuserver.com/tamet/back/022016/1cf581289c816ea8a5c5fe3558511e5e.jpg',72,'2016-02-09 18:53:47'),(81,'local','http://yankuserver.com/tamet/back/022016/8eb5d7d77b754abf357dbddcb6e8eef5.jpg',73,'2016-02-09 19:09:19'),(82,'local','http://yankuserver.com/tamet/back/022016/5e58cf02e0a518542d4202f1bb2d36e0.jpg',74,'2016-02-09 19:09:19'),(83,'local','http://yankuserver.com/tamet/back/022016/022037dcd2125ea4837118a3fbcfe2f5.jpg',75,'2016-02-09 19:09:19'),(84,'local','http://yankuserver.com/tamet/back/022016/5aea9aec2f6d637e16a5509e7f840066.jpg',76,'2016-02-09 19:09:19'),(85,'local','http://yankuserver.com/tamet/back/022016/40f35955d0304de6d32ffca0e28d9de0.jpg',77,'2016-02-09 19:18:44'),(86,'local','http://yankuserver.com/tamet/back/022016/80a6dad150247ef96a87b719482bbc2a.jpg',78,'2016-02-09 19:18:45'),(87,'local','http://yankuserver.com/tamet/back/022016/d2ebdf7aee246283c6604458d1aca359.jpg',79,'2016-02-09 19:18:45'),(88,'local','http://yankuserver.com/tamet/back/022016/d8fb9aefee03d1ca1d99977a897abd35.jpg',80,'2016-02-09 19:18:45'),(89,'local','http://yankuserver.com/tamet/back/022016/f6e0b4f72ff645a49878ad4775e4a2c8.jpg',81,'2016-02-09 19:28:07'),(90,'local','http://yankuserver.com/tamet/back/022016/c98863bbd8806b7e9e1c061b00e64088.jpg',82,'2016-02-09 19:28:07'),(91,'local','http://yankuserver.com/tamet/back/022016/741bada5daa1edb2d29ea02f6300e637.jpg',83,'2016-02-09 19:28:07'),(92,'local','http://yankuserver.com/tamet/back/022016/a78f116d84c404054add1ec496f03756.jpg',84,'2016-02-09 19:28:07'),(93,'local','http://yankuserver.com/tamet/back/022016/aeb280a005118d2de6a4c2175d12add2.jpg',85,'2016-02-09 19:43:16'),(94,'local','http://yankuserver.com/tamet/back/022016/d5184c4e9bb95508440ab1ed65c2e48d.jpg',86,'2016-02-09 19:43:16'),(95,'local','http://yankuserver.com/tamet/back/022016/0fec54e89d4f228b56b1eb228343fbb9.jpg',87,'2016-02-09 19:43:16'),(96,'local','http://yankuserver.com/tamet/back/022016/03d39392095d92b0793b2ef7edc9ff37.jpg',88,'2016-02-09 19:43:16'),(97,'local','http://yankuserver.com/tamet/back/022016/eabc276ad613bfa5b4c19a3b6fddb19c.jpg',89,'2016-02-09 19:52:54'),(98,'local','http://yankuserver.com/tamet/back/022016/28a9db425466100b931d7d632d106e16.jpg',90,'2016-02-09 19:52:54'),(99,'local','http://yankuserver.com/tamet/back/022016/4260fbcdba7851ebc5573231d371dd67.jpg',91,'2016-02-09 19:52:54'),(100,'local','http://yankuserver.com/tamet/back/022016/5ccbce79951b2dd02ab462800dca03c1.jpg',92,'2016-02-09 19:52:54'),(101,'local','http://yankuserver.com/tamet/back/022016/ceadeda96d1d98928f60c91d8340f7be.jpg',93,'2016-02-09 20:28:17'),(102,'local','http://yankuserver.com/tamet/back/022016/828ea79b2d6cabf09dc0c3a3f037eab8.jpg',94,'2016-02-09 20:28:17'),(103,'local','http://yankuserver.com/tamet/back/022016/76ef239bb196563e6d72b1c9803a8864.jpg',95,'2016-02-09 20:28:17'),(104,'local','http://yankuserver.com/tamet/back/022016/1f84abe8802d3d7580fb89aa2ddf94e3.jpg',96,'2016-02-09 20:28:17'),(105,'local','http://yankuserver.com/tamet/back/022016/39e80eb8ef8bf80965e42ab320a7a02c.jpg',97,'2016-02-09 20:37:02'),(106,'local','http://yankuserver.com/tamet/back/022016/aae8c609f886fd5d770b13f696aa8ef1.jpg',98,'2016-02-09 20:37:02'),(107,'local','http://yankuserver.com/tamet/back/022016/60495e7795239eb31dd79d73d6efa769.jpg',99,'2016-02-09 20:37:02'),(108,'local','http://yankuserver.com/tamet/back/022016/8a4ed7fbea4da9249f64b86d7309b8ee.jpg',100,'2016-02-09 20:37:02'),(109,'local','http://yankuserver.com/tamet/back/022016/f382a1a361d9700c3ba1215cceb06f80.jpg',101,'2016-02-09 21:02:53'),(110,'local','http://yankuserver.com/tamet/back/022016/94d7d07865150531376a2d12985a4a1a.jpg',102,'2016-02-09 21:02:53'),(111,'local','http://yankuserver.com/tamet/back/022016/64a810375801889b96fa54f9ae474dd4.jpg',103,'2016-02-09 21:02:53'),(112,'local','http://yankuserver.com/tamet/back/022016/2e019f0c498f9b3cfc77fc40d2858a29.jpg',104,'2016-02-09 21:11:35'),(113,'local','http://yankuserver.com/tamet/back/022016/18157a6f05fb63d3cf802637aa353645.jpg',105,'2016-02-09 21:11:35'),(114,'local','http://yankuserver.com/tamet/back/022016/6f5ef0f59b1ceb6b0882efb72211aee9.jpg',106,'2016-02-09 21:26:13'),(115,'local','http://yankuserver.com/tamet/back/022016/d40fc1ddbbf5afbd613758a889567b29.jpg',107,'2016-02-09 21:26:13'),(116,'local','http://yankuserver.com/tamet/back/022016/4dd7dffbde9f90241b9f9169c2420a2c.jpg',108,'2016-02-09 21:26:13'),(117,'local','http://yankuserver.com/tamet/back/022016/934746fbb6bf4aacbc76c40c785f4ea6.jpg',109,'2016-02-09 22:28:46'),(118,'local','http://yankuserver.com/tamet/back/022016/9e1d5d562d5e8bfb1d46f1e8758c8abe.jpg',110,'2016-02-09 22:28:46'),(119,'web','http://g03.a.alicdn.com/kf/HTB1lMmBHVXXXXacXVXXq6xXFXXXA/2015-New-bite-resistant-TPR-Rubber-pet-toys-Cat-Dog-Chew-Toys-grenade-type-rubber-balls.jpg',NULL,'2016-02-10 17:09:01'),(120,'web','http://g02.a.alicdn.com/kf/HTB1jsjXIFXXXXbDXVXXq6xXFXXXC/Personality-ceramic-mug-creative-grenade-shape-black-white-milk-coffee-cup-with-lid-cover-drinkware-fashion.jpg',NULL,'2016-02-10 17:09:01'),(121,'web','http://cdn.shopify.com/s/files/1/0406/1173/products/Grenade_Mug_1_grande.jpg?v=1441560254',NULL,'2016-02-10 17:09:01'),(122,'web','http://ecx.images-amazon.com/images/I/61%2BZci%2BUktL._SY355_.jpg',NULL,'2016-02-10 17:23:58'),(123,'local','http://yankuserver.com/tamet/back/022016/a6478d228ace6573e24342e61caf9484.jpg',111,'2016-02-10 19:36:03'),(124,'local','http://yankuserver.com/tamet/back/022016/a6de170a5e145ef58f96b0472e14018c.jpg',112,'2016-02-10 20:02:22'),(125,'local','http://yankuserver.com/tamet/back/022016/4b8055926c46601e1f9d507c47ed1f54.jpg',113,'2016-02-10 20:02:22'),(126,'local','http://yankuserver.com/tamet/back/022016/b07d871b0d6e95eedd3e3fb2717f0d67.jpg',114,'2016-02-10 20:12:26'),(127,'local','http://yankuserver.com/tamet/back/022016/fe5fed2427ee6c02ddd60d68caad31af.jpg',115,'2016-02-10 20:12:26'),(128,'local','http://yankuserver.com/tamet/back/022016/767755e03093bda849a47441908810c8.jpg',116,'2016-02-10 20:22:30'),(129,'local','http://yankuserver.com/tamet/back/022016/ad86f96acec805f650ddddf68cfc95d0.jpg',117,'2016-02-10 20:29:29'),(130,'local','http://yankuserver.com/tamet/back/022016/8ffa57169d08033f61c65a3250a01ab9.jpg',118,'2016-02-10 20:44:13'),(131,'local','http://yankuserver.com/tamet/back/022016/650cb816fef810b19ff1984a7e2b0f38.jpg',119,'2016-02-10 20:44:13'),(132,'local','http://yankuserver.com/tamet/back/022016/9297cf4a3a3de43b2ecf6ea4a465e72f.jpg',120,'2016-02-10 20:44:13'),(133,'local','http://yankuserver.com/tamet/back/022016/46cd6e55555aaad71fe461c63dd45ff0.jpg',121,'2016-02-10 20:49:55'),(134,'local','http://yankuserver.com/tamet/back/022016/cc6f4f358ec2f976e6002795dee8720d.jpg',122,'2016-02-10 20:56:05'),(135,'local','http://yankuserver.com/tamet/back/022016/6d66a820c7a4510113a28477fc81a39f.jpg',123,'2016-02-10 20:56:05'),(136,'local','http://yankuserver.com/tamet/back/022016/6cee4ddfca02987eb7faaab16b951aca.jpg',124,'2016-02-10 21:05:02'),(137,'local','http://yankuserver.com/tamet/back/022016/91bb9273dc6661d04f51cc93a1f252bf.jpg',125,'2016-02-10 21:05:02'),(138,'local','http://yankuserver.com/tamet/back/022016/421239a7d2951a4979bbaf7684223396.jpg',126,'2016-02-10 21:16:51'),(139,'web','https://realfood.tesco.com/media/images/Orange-and-almond-srping-cake-hero-58d07750-0952-47eb-bc41-a1ef9b81c01a-0-472x310.jpg',NULL,'2016-02-18 04:13:42'),(140,'local','http://yankuserver.com/tamet/back/022016/2e12751456fc54e44c986936c57ce2e9.jpg',127,'2016-02-18 17:10:11'),(141,'local','http://yankuserver.com/tamet/back/022016/c2930375a0b7b76f1cd025f05dbdd216.jpg',128,'2016-02-18 17:22:57'),(142,'local','http://yankuserver.com/tamet/back/022016/2a4c4d53c9b78d45ad43b361572d724a.jpg',129,'2016-02-18 17:43:37'),(143,'local','http://yankuserver.com/tamet/back/022016/eeab688d828526b3de31e37c7be5fe8d.jpg',130,'2016-02-22 22:47:42'),(144,'web','http://static.comicvine.com/uploads/scale_super/0/3133/140672-177341-lightsaber.jpg',NULL,'2016-02-22 22:47:42'),(145,'web','http://vignette1.wikia.nocookie.net/starwars/images/7/7d/LukeROTJsaber-MR.jpg/revision/latest?cb=20100616172523',NULL,'2016-02-22 22:47:42'),(146,'local','http://yankuserver.com/tamet/back/022016/b71c8cd762a4091ddf2166c4224cb388.jpg',131,'2016-02-23 16:42:56'),(147,'web','http://1.bp.blogspot.com/-1kgd7sCy8gU/Ur7LUb9lj9I/AAAAAAAAxe4/SGQisvYcp5U/s1600/2014.+Brasil.jpg',NULL,'2016-02-23 16:42:56'),(148,'web','http://st-listas.20minutos.es/images/2008-05/18693/253635_640px.jpg?1212245678',NULL,'2016-02-23 16:42:56'),(149,'web','http://picture-cdn.wheretoget.it/g7pe5n-i.jpg',NULL,'2016-02-25 02:59:22'),(150,'web','http://picture-cdn.wheretoget.it/v721ki-l.jpg',NULL,'2016-02-25 02:59:22'),(151,'web','http://g01.s.alicdn.com/kf/HTB1cb8sFVXXXXbBXFXXq6xXFXXXY/201173658/HTB1cb8sFVXXXXbBXFXXq6xXFXXXY.jpg',NULL,'2016-02-26 17:24:46'),(152,'web','http://towi.mx/src/productos/475bfftz11.jpg',NULL,'2016-02-26 17:24:46'),(153,'local','http://yankuserver.com/tamet/back/032016/ab1f94ccfa780ac7e266d4eaeb21a923.jpg',132,'2016-03-08 16:40:07'),(154,'local','http://yankuserver.com/tamet/back/032016/2f89ed8855fb97371f350af8cd1d07bc.jpg',133,'2016-03-08 19:05:43'),(155,'local','http://yankuserver.com/tamet/back/032016/53c35055681ccf78ae79266814f69599.jpg',134,'2016-03-08 19:40:02');
/*!40000 ALTER TABLE `image` ENABLE KEYS */;
UNLOCK TABLES;

--
-- Table structure for table `importantContainer`
--

DROP TABLE IF EXISTS `importantContainer`;
/*!40101 SET @saved_cs_client     = @@character_set_client */;
/*!40101 SET character_set_client = utf8 */;
CREATE TABLE `importantContainer` (
  `idImportantContainer` int(11) NOT NULL AUTO_INCREMENT,
  `container_idContainer` int(11) NOT NULL,
  `user_idUser` int(11) NOT NULL,
  PRIMARY KEY (`idImportantContainer`),
  KEY `fk_importantContainer_container1_idx` (`container_idContainer`),
  KEY `fk_importantContainer_user1_idx` (`user_idUser`),
  CONSTRAINT `fk_importantContainer_container1` FOREIGN KEY (`container_idContainer`) REFERENCES `container` (`idContainer`) ON DELETE CASCADE ON UPDATE CASCADE,
  CONSTRAINT `fk_importantContainer_user1` FOREIGN KEY (`user_idUser`) REFERENCES `user` (`idUser`) ON DELETE CASCADE ON UPDATE CASCADE
) ENGINE=InnoDB DEFAULT CHARSET=latin1;
/*!40101 SET character_set_client = @saved_cs_client */;

--
-- Dumping data for table `importantContainer`
--

LOCK TABLES `importantContainer` WRITE;
/*!40000 ALTER TABLE `importantContainer` DISABLE KEYS */;
/*!40000 ALTER TABLE `importantContainer` ENABLE KEYS */;
UNLOCK TABLES;

--
-- Table structure for table `messageNotification`
--

DROP TABLE IF EXISTS `messageNotification`;
/*!40101 SET @saved_cs_client     = @@character_set_client */;
/*!40101 SET character_set_client = utf8 */;
CREATE TABLE `messageNotification` (
  `idMessageNotification` int(11) NOT NULL AUTO_INCREMENT,
  `type` int(11) DEFAULT NULL,
  `user_idUser` int(11) NOT NULL,
  `user_idUser1` int(11) NOT NULL,
  `message` varchar(255) DEFAULT NULL,
  `status` int(11) DEFAULT NULL,
  `container_idContainer` int(11) DEFAULT NULL,
  `product_idProduct` int(11) DEFAULT NULL,
  `idea_idIdea` int(11) DEFAULT NULL,
  `timestamp` timestamp NOT NULL DEFAULT CURRENT_TIMESTAMP ON UPDATE CURRENT_TIMESTAMP,
  PRIMARY KEY (`idMessageNotification`),
  KEY `fk_message_user1_idx` (`user_idUser`),
  KEY `fk_message_user2_idx` (`user_idUser1`),
  KEY `fk_message_container1_idx` (`container_idContainer`),
  KEY `fk_message_product1_idx` (`product_idProduct`),
  KEY `fk_messageNotification_idea1_idx` (`idea_idIdea`),
  CONSTRAINT `fk_messageNotification_idea1` FOREIGN KEY (`idea_idIdea`) REFERENCES `idea` (`idIdea`) ON DELETE CASCADE ON UPDATE CASCADE,
  CONSTRAINT `fk_message_container1` FOREIGN KEY (`container_idContainer`) REFERENCES `container` (`idContainer`) ON DELETE CASCADE ON UPDATE CASCADE,
  CONSTRAINT `fk_message_product1` FOREIGN KEY (`product_idProduct`) REFERENCES `productold` (`idProduct`) ON DELETE CASCADE ON UPDATE CASCADE,
  CONSTRAINT `fk_message_user1` FOREIGN KEY (`user_idUser`) REFERENCES `user` (`idUser`) ON DELETE CASCADE ON UPDATE CASCADE,
  CONSTRAINT `fk_message_user2` FOREIGN KEY (`user_idUser1`) REFERENCES `user` (`idUser`) ON DELETE CASCADE ON UPDATE CASCADE
) ENGINE=InnoDB AUTO_INCREMENT=47 DEFAULT CHARSET=latin1;
/*!40101 SET character_set_client = @saved_cs_client */;

--
-- Dumping data for table `messageNotification`
--

LOCK TABLES `messageNotification` WRITE;
/*!40000 ALTER TABLE `messageNotification` DISABLE KEYS */;
INSERT INTO `messageNotification` VALUES (1,1,4,1,'Nueva producto desarrollado',NULL,NULL,1,NULL,'2016-01-21 18:52:43'),(6,1,4,1,'Nuevo contenedor',NULL,5,NULL,NULL,'2016-01-22 18:29:30'),(7,0,1,5,'Contamos con 1,000 piezas mas en la bodega por si te llegara a interesar',NULL,NULL,NULL,NULL,'2016-02-02 21:52:50'),(8,0,5,1,'Si me interesa, se mantienen el mismo costo?',NULL,NULL,NULL,NULL,'2016-02-02 21:53:32'),(9,1,1,4,'Nuevos productos propuestos',NULL,NULL,1,NULL,'2016-02-03 19:52:43'),(10,1,1,4,'Nuevos productos propuestos',NULL,NULL,1,NULL,'2016-02-03 21:48:04'),(11,1,4,1,'Productos propuestos se han revisado',NULL,NULL,1,NULL,'2016-02-04 00:51:01'),(12,1,4,1,'Productos propuestos se han revisado',NULL,NULL,1,NULL,'2016-02-04 00:52:41'),(13,1,4,1,'Productos propuestos se han revisado',NULL,NULL,1,NULL,'2016-02-04 00:54:06'),(14,1,4,1,'Productos propuestos se han revisado',NULL,NULL,1,NULL,'2016-02-04 00:55:10'),(15,1,4,1,'Productos propuestos se han revisado',NULL,NULL,1,NULL,'2016-02-04 01:15:03'),(16,1,4,1,'Productos propuestos se han revisado',NULL,NULL,1,NULL,'2016-02-04 01:23:48'),(17,1,4,1,'Productos propuestos se han revisado',NULL,NULL,1,NULL,'2016-02-04 01:23:55'),(18,1,4,1,'Productos propuestos se han revisado',NULL,NULL,1,NULL,'2016-02-04 01:24:18'),(19,1,4,1,'Productos propuestos se han revisado',NULL,NULL,1,NULL,'2016-02-04 19:50:09'),(20,0,1,5,'si claro, entrega inmediata\r\n',NULL,NULL,NULL,NULL,'2016-02-04 23:51:12'),(21,1,5,1,'Nueva producto desarrollado',NULL,NULL,8,NULL,'2016-02-05 00:01:28'),(22,1,5,1,'Nueva producto desarrollado',NULL,NULL,9,NULL,'2016-02-06 03:36:47'),(23,1,5,1,'Nuevo contenedor',NULL,6,NULL,NULL,'2016-02-10 16:59:13'),(24,0,5,1,'el plastico es nacional?\r\n',NULL,NULL,NULL,NULL,'2016-02-10 17:02:08'),(25,1,5,1,'Nueva producto desarrollado',NULL,NULL,45,NULL,'2016-02-10 17:09:31'),(26,1,1,5,'Nuevos productos propuestos',NULL,NULL,45,NULL,'2016-02-10 17:12:52'),(27,1,5,1,'Productos propuestos se han revisado',NULL,NULL,45,NULL,'2016-02-10 17:14:26'),(28,1,5,1,'Productos propuestos se han revisado',NULL,NULL,45,NULL,'2016-02-10 17:14:31'),(29,1,5,1,'Nueva idea publicada',NULL,NULL,NULL,1,'2016-02-10 17:24:19'),(30,1,4,1,'Productos propuestos se han revisado',NULL,NULL,1,NULL,'2016-02-19 02:46:26'),(31,0,5,1,'pinche putito cuatro ojos',NULL,NULL,NULL,NULL,'2016-02-22 21:58:52'),(32,1,5,1,'Nuevo contenedor',NULL,7,NULL,NULL,'2016-02-22 22:35:49'),(33,1,5,1,'Nueva producto desarrollado',NULL,NULL,68,NULL,'2016-02-22 22:55:31'),(34,1,1,5,'Nuevos productos propuestos',NULL,NULL,68,NULL,'2016-02-22 22:58:52'),(35,1,5,1,'Productos propuestos se han revisado',NULL,NULL,68,NULL,'2016-02-22 23:01:55'),(36,1,5,1,'Productos propuestos se han revisado',NULL,NULL,68,NULL,'2016-02-22 23:02:01'),(37,1,5,1,'Nuevo contenedor',NULL,8,NULL,NULL,'2016-02-23 16:33:42'),(38,1,5,1,'Nueva producto desarrollado',NULL,NULL,69,NULL,'2016-02-23 16:45:51'),(39,1,5,1,'Nuevo contenedor',NULL,9,NULL,NULL,'2016-02-25 02:49:27'),(40,1,5,1,'Nueva producto desarrollado',NULL,NULL,70,NULL,'2016-02-25 03:04:14'),(41,1,5,1,'Nuevo contenedor',NULL,10,NULL,NULL,'2016-02-26 17:19:42'),(42,1,5,1,'Nueva producto desarrollado',NULL,NULL,71,NULL,'2016-02-26 17:25:14'),(43,1,5,1,'Nuevo contenedor',NULL,11,NULL,NULL,'2016-04-12 17:13:16'),(44,1,5,1,'Productos propuestos se han revisado',NULL,NULL,45,NULL,'2016-04-12 17:25:34'),(45,0,10,1,'grgrgrgrgr',NULL,NULL,NULL,NULL,'2017-03-30 04:59:47'),(46,0,10,1,'hola',NULL,NULL,NULL,NULL,'2017-04-24 22:25:29');
/*!40000 ALTER TABLE `messageNotification` ENABLE KEYS */;
UNLOCK TABLES;

--
-- Table structure for table `news`
--

DROP TABLE IF EXISTS `news`;
/*!40101 SET @saved_cs_client     = @@character_set_client */;
/*!40101 SET character_set_client = utf8 */;
CREATE TABLE `news` (
  `idNews` int(11) NOT NULL AUTO_INCREMENT,
  `url` varchar(255) NOT NULL,
  `timestamp` timestamp NOT NULL DEFAULT CURRENT_TIMESTAMP ON UPDATE CURRENT_TIMESTAMP,
  PRIMARY KEY (`idNews`)
) ENGINE=InnoDB DEFAULT CHARSET=utf8;
/*!40101 SET character_set_client = @saved_cs_client */;

--
-- Dumping data for table `news`
--

LOCK TABLES `news` WRITE;
/*!40000 ALTER TABLE `news` DISABLE KEYS */;
/*!40000 ALTER TABLE `news` ENABLE KEYS */;
UNLOCK TABLES;

--
-- Table structure for table `product`
--

DROP TABLE IF EXISTS `product`;
/*!40101 SET @saved_cs_client     = @@character_set_client */;
/*!40101 SET character_set_client = utf8 */;
CREATE TABLE `product` (
  `idProduct` int(11) unsigned NOT NULL AUTO_INCREMENT,
  `score` int(8) DEFAULT '0',
  `name` varchar(120) CHARACTER SET latin1 DEFAULT '-',
  `header` varchar(120) CHARACTER SET latin1 DEFAULT '-',
  `description` text CHARACTER SET latin1,
  `item` varchar(60) CHARACTER SET latin1 DEFAULT '-',
  `categoryA` varchar(60) CHARACTER SET latin1 DEFAULT '-',
  `subcategoryA` varchar(60) CHARACTER SET latin1 DEFAULT '-',
  `categoryB` varchar(60) CHARACTER SET latin1 DEFAULT '-',
  `subcategoryB` varchar(60) CHARACTER SET latin1 DEFAULT '-',
  `categoryC` varchar(60) CHARACTER SET latin1 DEFAULT '-',
  `subcategoryC` varchar(60) CHARACTER SET latin1 DEFAULT '-',
  `quality` varchar(30) DEFAULT '0',
  `origin` varchar(60) CHARACTER SET latin1 DEFAULT '-',
  `colors` text CHARACTER SET latin1,
  `presentation` varchar(60) CHARACTER SET latin1 DEFAULT '-',
  `characteristics` text CHARACTER SET latin1,
  `especifications` text CHARACTER SET latin1,
  `dimensions` varchar(120) CHARACTER SET latin1 DEFAULT '-',
  `weight` varchar(60) CHARACTER SET latin1 DEFAULT '-',
  `minimumOrder` int(8) DEFAULT '0',
  `dateExpiry` varchar(60) CHARACTER SET latin1 DEFAULT '-',
  `inventory_numPieces` int(8) DEFAULT '0',
  `boutique_maximumOrder` int(8) DEFAULT '0',
  `price_withoutTax` varchar(30) CHARACTER SET latin1 DEFAULT '-',
  `price_currency` varchar(5) CHARACTER SET latin1 DEFAULT '-',
  `price_suggested` varchar(30) CHARACTER SET latin1 DEFAULT '-',
  `price_tt` varchar(30) CHARACTER SET latin1 DEFAULT '-',
  `packing_numPieces` varchar(30) CHARACTER SET latin1 DEFAULT '-',
  `packing_especifications` text CHARACTER SET latin1,
  `packing_height` varchar(30) CHARACTER SET latin1 DEFAULT '-',
  `packing_width` varchar(30) CHARACTER SET latin1 DEFAULT '-',
  `packing_large` varchar(30) CHARACTER SET latin1 DEFAULT '-',
  `packing_weight` varchar(30) CHARACTER SET latin1 DEFAULT '-',
  `logistics_productionTime` varchar(30) CHARACTER SET latin1 DEFAULT '-',
  `logistics_fob` varchar(30) CHARACTER SET latin1 DEFAULT '-',
  `logistics_fobDeliveryTime` varchar(30) CHARACTER SET latin1 DEFAULT '-',
  `sample` varchar(30) CHARACTER SET latin1 DEFAULT '-',
  `supplier_id` int(11) unsigned NOT NULL,
  `user_id` int(11) unsigned NOT NULL,
  `origin2` varchar(45) DEFAULT '-',
  PRIMARY KEY (`idProduct`)
) ENGINE=InnoDB AUTO_INCREMENT=166 DEFAULT CHARSET=utf8;
/*!40101 SET character_set_client = @saved_cs_client */;

--
-- Dumping data for table `product`
--

LOCK TABLES `product` WRITE;
/*!40000 ALTER TABLE `product` DISABLE KEYS */;
INSERT INTO `product` VALUES (21,8,'DIORAMA GARNACHA TINTO','Vino robusto, ligeramente amaderado,perfecto para el maridaje con carne','vino tinto con denominacion de origen,de mezcla de uvas de la region Villa Franca del Penedes','PC070','Gourmet','vinoslicores','restaurantes','regalos','Vinos','Tinto','premium','España',NULL,'botella','elaborado con uva garnacha,cosecha 2009','maridaje con carnes rojas corte grueso','30cm x 12cm ','250ml',24,'7/20/2019',412,412,'812.00','MXN','3','850.00','12','Un solo tipo   ','30','36','48','6','10','Bodega TT','3','si',7,1,'-'),(22,10,'REYNAL ROSADO','vino de mezcla de uva rosado,ideal para el verano','Vino rosado con denominacion de origen,premio  International wine challenge, Russian silver 2004','PCO19M','Gourmet','vinoslicores','restaurantes','regalos','Vinos','rosado','premium','España',NULL,'botella','mezcla de uva cabernet sauvignon y uva chenin Blanc,cosecha 2014','maridaje con pescados y mariscos y carnes blancas','30cm x 12cm ','250ml',24,'3/6/2024',276,276,'750.00','MXN','3','785.00','12','Un solo tipo   ','30','36','48','6','10','Bodega TT','3','si',7,1,'-'),(23,9,'PI DEL NORD','Vino robusto y aromatico a maderas con una mezcla de uvas de la region','vino con denominacion de origen de la region de Villa Franca Gaudiana ,premio International Wine Challenge, Gold 2004','PC015M','Gourmet','vinoslicores','restaurantes','regalos','Vinos','tinto','premium','España',NULL,'botella','elaborado con uva chenin Blanc,cosecha 2011','maridaje con pescados y mariscos ','30cm x 12cm ','250ml',24,'6/14/2021',348,348,'735.00','MXN','3','750.00','12','Un solo tipo   ','30','36','48','6','10','Bodega TT','3','si',7,1,'-'),(24,9,'GAUDIANA BLANCO','Suave vino blanco que despierta el paladar','Vino con denominacion de origen de la region de Villa Franca Gaudiana','PC005M','Gourmet','vinoslicores','restaurantes','regalos','Vinos','blanco','premium','España',NULL,'botella','elaborado con uva chenin Blanc,cosecha 2011','maridaje con pescados y mariscos ','30cm x 12cm ','250ml',24,'6/14/2021',324,324,'735.00','MXN','3','760.00','12','Un solo tipo   ','30','36','48','6','10','Bodega TT','3','si',7,1,'-'),(65,10,'Audifonos Mate','Siente un nuevo tipo de sonido ','Sume?rgete en una experiencia sensacional. La linea Mate cuenta con una gama de sonidos ma?s dina?mica y ma?s amplia, asi? como con una claridad que te acercara? justo donde el artista pretende. Independientemente de si lo tuyo es el hip-hop, el heavy metal, el jazz o la mu?sica electro?nica, sentira?s una mayor fidelidad de sonido con tus Mate.','XC2539','electronicos','audio','-','-','-','-','promocionales','audio',NULL,NULL,'premium','China','amarillo,verde,rojo,azul,naranja,morado,negro,gris','caja',0,'Bluetooth: v2 + EDR, A2DP, AVRCP, HFP, HSP Alcance Inalambri',0,525,'10000',NULL,NULL,NULL,'28','USD','120','60','25','surtido por modelo','45','50','30','3',19,1,'-'),(66,9,'Audifonos ',NULL,'Based on a rough sketch by Kevin Eastman, Mondo\'s The First Turtle pays tribute to the origins of the Teenage Mutant Ninja Turtles. The figure was announced in May 2015, going up for pre-order at the same time.\n\nAlong with the red-mask edition, a Black & White version, color version with an orange mask, and a Black & White Deluxe version were also released, with all four figures shipping at the end of 2015.','XC2544','juguetes',NULL,'-','-','-','-',NULL,NULL,'regalo','promocionales','premium','China','naranja,azul,rojo,morado','PVC',NULL,'El desarrollo de estas sustancias se inició en 1860, cuando ',NULL,NULL,NULL,NULL,NULL,NULL,'45','MXN','120','60','25','Surtido por modelo',NULL,NULL,NULL,NULL,19,1,'-'),(87,10,'Audifonos Mate','Siente un nuevo tipo de sonido ','Sume?rgete en una experiencia sensacional. La linea Mate cuenta con una gama de sonidos ma?s dina?mica y ma?s amplia, asi? como con una claridad que te acercara? Justo donde el artista pretende. Independientemente de si lo tuyo es el hip-hop, el heavy metal, el jazz o la mu?sica electro?nica, sentira?s una mayor fidelidad de sonido con tus Mate.','XC2539','electronicos','audio',NULL,NULL,NULL,NULL,'promocionales','audio','','','premium',NULL,'amarillo,verde,rojo,azul,naranja,morado,negro,gris',NULL,0,'',0,525,'10000',NULL,'','','28','USD','120','60','25','surtido por modelo','45','50','30','3',25,1,NULL),(88,9,'Audifonos ',NULL,'Based on a rough sketch by Kevin Eastman, Mondo\'s The First Turtle pays tribute to the origins of the Teenage Mutant Ninja Turtles. The figure was announced in May 2015, going up for pre-order at the same time.\n\nAlong with the red-mask edition, a Black & White version, color version with an orange mask, and a Black & White Deluxe version were also released, with all four figures shipping at the end of 2015.','XC2544','juguetes',NULL,'-','-','-','-',NULL,NULL,'regalo','promocionales','premium','China','naranja,azul,rojo,morado','PVC',NULL,'El desarrollo de estas sustancias se inició en 1860, cuando ',NULL,NULL,NULL,NULL,NULL,NULL,'45','MXN','120','60','25','Surtido por modelo',NULL,NULL,NULL,NULL,25,1,'-'),(89,NULL,'CLOS DEL MAS','Vino Tinto del Priorat. Ecológico y Biodinámico. El Priorat es una de las zonas vitivinícolas más antiguas de toda Españ','Tras un proceso de maduración lenta en cubas de acero inoxidable y su posterior crianza en barricas de roble francés y americano durante 6 meses, se ha embotellado para su afinamiento y crianza en botella.\nExcelente maridaje con: Capón y Pularda, Ciervo, Cocidos y otros platos de cuchara, Codorniz y perdiz, Conejo y liebre, Embutidos curados, Entrecot, Chuletón y Solomillo, Estofados y carnes con salsa, Jabalí, Jamón curado, Pato, Patas de cerdo, Pollo asado al horno, Pollo en salsa, Queso curado, Quesos de cabra.\n','PC001M','gourmet','vinoslicores','-','-','-','-','premium','España',NULL,'botella','Aspecto: Color caoba oscuro, con tonos violáceos, limpio y brillante. Con mucha capa.\nAroma: Intenso a fruta madura. Al oxigenarse, aparecen aromas a madera, con ligeros toques a minerales y especias.\nGusto: Destacan los gustos de frutas, en buen equilibrio con el cuerpo del vino. Tiene una gran concentración de taninos suaves que le transfieren un agradable paso de boca.\n','Finca: Mas Blanc\nD.O.Q. Priorat\nVariedades: Cabernet Sauvignon, Cariñena, Garnacha.                Temperatura de servicio: 18oC.\nGraduación alcohólica: 14%.\nCertificaciones: Bio nach EG-Öko-Verodnung. Demeter. Agricultura Ecológica Unión Europea.\nPremios:\n2008. Wine & Spirits-Dec-02012. Puntaje: 93.\n\n                                                                                                                                                                          ',NULL,'750 ml',6,NULL,102,NULL,'430.19512195122','MXN','440.95',NULL,'6','Mismo artículo',NULL,NULL,NULL,NULL,'45 días','CDMX ','2','no',26,1,'-'),(90,NULL,'MÁS 7','Vino Tinto del Priorat. Ecológico y Biodinámico. El Priorat es una región reconocida con la máxima calidad al ser denomi','La vendimia se realiza por separado y manualmente para cada variedad, tras un estricto control de la maduración. Fermentado en depósito de acero inoxidable durante 18 días, se realiza el coupage en las barricas de crianza en las que permanecen 1 año y, posteriormente, se afina en botella.                       Excelente maridaje con: Capón y Pularda, Ciervo, Codorniz y perdiz, Conejo y liebre, Embutidos curados, Entrecot, Chuletón y Solomillo, Estofados y carnes con salsa, Jabalí, Jamón curado, Pato, Patas de Cerdo, Pollo asado al horno, Pollo en salsa, Queso curado, Quesos de cabra.','PC002M','gourmet','vinoslicores','-','-','-','-','premium','España',NULL,'botella','Aspecto: Vino de color granate oscuro de gran persistencia.\nAroma:\nDestaca su paso por roble, mezclado con aromas frutales que le confieren una gran finura y complejidad.\nGusto: Es pleno y complejo, suave y equilibrado al paladar. Un vino en el cual predominan las frutas rojas ligeramente ahumadas.\n','Finca: Mas Blanc\nD.O.Q. Priorat\nVariedades: Cabernet Sauvignon, Garnacha, Syrah.                Temperatura de servicio: 18oC.\nGraduación alcohólica: 14.5%.\nCertificaciones: Bio nach EG-Öko-Verodnung. Agricultura Ecológica Unión Europea.\nPremios:\n2015. Medalla de Oro. Mundus Vini Germany.\n2011. Medalla de Plata. Premium Select Wine Challenge.\n2010. Medalla de Oro. Internationaler Biowinepreis.\n2010. Plata, International Wines & Spirit Competition.\n2010. Bronce. Decanter World Wine Awards.\n2010, abril. 2007 Wine Advocate #188. Puntaje: 89.\n2009. Plata. International Wines & Spirit Competition.\n2009, febrero. 2005 Wine & Spirits. Puntaje: 91.\n2008. Medalla de Oro. Decanter World Wine Awards.\n2008. Wine & Spirits-Dec-02012. Puntaje: 92.\n2008, noviembre. 2005 Wine Spectator. Puntaje: 92.\n2008, abril. 2005 Wine Advocate. Puntaje: 90.\n\n\n                                                                                                                                                                          ',NULL,'750 ml',6,NULL,102,NULL,'562.46078431373','MXN','573.71',NULL,'6','Mismo artículo',NULL,NULL,NULL,NULL,'45 días','CDMX ','2','no',26,1,'-'),(91,NULL,'CLOS DEL MÚSIC','Vino Tinto del Priorat. Ecológico y Biodinámico. El Priorat es una zona reconocida por la FAO como una región en la que ','La uva es cosechada a mano pasando por la mesa de selección, escogiendo los mejores granos. A continuación, se macera en frío en los pequeños depósitos prefermentativos durante 3 días. La fermentación dura 18 días y, después, el vino se pasa a las barricas de roble francés durante 14 meses, hasta que se embotella para su crianza en botella.                  Excelente maridaje con: Capón y Pularda, Ciervo, Codorniz y perdiz, Estofados y carnes con salsa, Jabalí, Pato, Patas de Cerdo, Pollo asado al horno, Pollo en salsa, Queso curado, Quesos viejos.','PC003M','gourmet','vinoslicores','-','-','-','-','premium','España',NULL,'botella','Aspecto: De color granate oscuro y con tonos violeta. Su color intenso con mucha capa da una sensación visual de carnosidad muy elevada.                                                                                                           Aroma: Vino de una gran intensidad aromática con aspectos que destacan, como su mineralidad, así como la fruta roja, las bayas del bosque y las moras. Una vez oxigenado, aparecen las notas de barrica, como los ahumados y tostados. Con una oxigenación más enérgica se captan las especias, la menta y el regaliz.      Gusto: Con mucho carácter, con cuerpo intenso y profundo que llena el paladar cuando se saborea. Las notas de fruta se mezclan con las que provienen de la crianza en barrica. Su posgusto es muy largo y persistente.\n\n','Finca: Mas Blanc\nD.O.Q. Priorat\nVariedades: Cabernet Sauvignon, Cariñena, Garnacha, Merlot, Syrah.                                                                                                                                              Temperatura de servicio: 18oC.\nGraduación alcohólica: 14.5%.\nCertificaciones: Bio nach EG-Öko-Verodnung. Demeter. Agricultura Ecológica Unión Europea.\nPremios:\n2010, abril. 2007 Wine Advocate #188. Puntaje: 91.\n2008. Wine & Spirits-Dec-02012. Puntaje: 92.\n\n\n                                                                                                                                                                          ',NULL,'750 ml',6,NULL,102,NULL,'763.2487804878','MXN','782.33',NULL,'6','Mismo artículo',NULL,NULL,NULL,NULL,'45 días','CDMX ','2','no',26,1,'-'),(92,NULL,'BALCONS','Vino Tinto Ecológico del Priorat, región cuyas condiciones climáticas son excepcionales para el cultivo de la vid. El vi','Tras varios controles de maduración, se vendimian las cepas separadamente por variedades de modo manual, cepa a cepa, seleccionando los racimos sanos y en estado óptimo de maduración. A continuación, se fermentan en pequeños depósitos durante 21 días, se realiza el coupage y se pasa a las barricas de roble francés en las cuales permanecen 14 meses con sus correspondientes trasiegos. Posteriormente, se pasa a botella y continúa el proceso de crianza y afinamiento.                                              Excelente maridaje con: Capón y Pularda, Ciervo, Codorniz y perdiz, Estofados y carnes con salsa, Jabalí, Pato, Patas de Cerdo, Pollo asado al horno, Pollo en salsa, Queso curado, Quesos viejos.','PC004M','gourmet','vinoslicores','-','-','-','-','premium','España',NULL,'botella','Aspecto: Es un vino de gran capa con tonos violetas y reflejos granates.\nAroma: Robusto y potente, denota en primer lugar su estancia en barrica, para dar lugar después a aromas de frutas maduras y agradables, así como matices especiados. A medida que se oxigena, deja aparecer su frutosidad melosa.\nGusto: Se presenta pleno y vigoroso, con taninos persistentes y toques afrutados silvestres.\n','Finca: Mas Blanc\nD.O.Q. Priorat\nVariedades: Cabernet Sauvignon, Cariñena, Garnacha, Merlot.                                                                                                                                              Temperatura de servicio: 18oC.\nGraduación alcohólica: 14.5%.\nCertificaciones: Bio nach EG-Öko-Verodnung. Agricultura Ecológica Unión Europea.\nPremios:\n2014. Hoja de Oro. Vinum Nature Barcelona.\n2010. Plata. Internationaler Bioweinpreis.\n2010, abril. 2006 Wine Advocate #188. Puntaje: 90.\n2009, febrero. 2004 Wine Enthusiast. Puntaje: 90.\n2008, diciembre. 2004 Wine Enthusiast. Puntaje: 90.\n2007, febrero. 2004 Wine Advocate. Puntaje: 90.\n\n\n                                                                                                                                                                          ',NULL,'750 ml',6,NULL,102,NULL,'859.96078431373','MXN','877.16',NULL,'6','Mismo artículo',NULL,NULL,NULL,NULL,'45 días','CDMX ','2','no',26,1,'-'),(93,NULL,'GAUDIANA BLANCO','Vino Blanco del Penedès, región cuya superficie de viña es de 26,000 hectáreas, con una densidad de 2,300 a 3,000 cepas ','Una vez que entra la uva, se deja macerar durante 24 horas en frío para conseguir extraer los máximos aromas. A continuación, se fermenta a baja temperatura durante 21 días para intentar conservar los aromas de la uva al máximo.                                              Excelente maridaje con: Arroces de pescado, Arroces mixtos, Crustáceos, Moluscos de concha, Pasta con salsa de pesto, Pasta con salsa de tomate, Pasta con salsas cremosas, Pasta con salsas marineras, Pescado blanco, Pescados con salsa, Pizza.','PC005M','gourmet','vinoslicores','-','-','-','-','premium','España',NULL,'botella','Aspecto: De color verde pálido, brillante y muy atractivo.\nAroma: De gran complejidad aromática: frutas cítricas como la manzana verde, aromas florales y de fruta blanca.\nGusto: En boca tiene una entrada muy agradable, nos aporta frescura y aromas de la fruta blanca  y cítrica que notamos en nariz. Tiene una buena complejidad en boca, bien equilibrado y con un posgusto largo.\n','D.O. Penedès\nVariedades: Macabeo, Parellada, Xarel·lo.                                                       Temperatura de servicio: 6oC.\nGraduación alcohólica: 10.5%.         \n\n                                                                                                                                                                          ',NULL,'750 ml',6,NULL,150,NULL,'161.25603864734','MXN','166.9',NULL,'6','Mismo artículo',NULL,NULL,NULL,NULL,'45 días','CDMX ','2','no',26,1,'-'),(94,NULL,'MIREIA','Vino Blanco del Penedès, diseñado por Mireia Tetas, hija del Director General de Bodegas Pinord, Juan José Tetas Marruga','Cada variedad se elabora por separado y a una temperatura de 16oC. Después se efectúa el coupage en distintas proporciones.                    Excelente maridaje con: Crustáceos, Frutas rojas, Moluscos de concha, Pescado blanco, Pescados con salsa, Quesos azules, Quesos de cabra, Quesos fundidos, Repostería.','PC006M','gourmet','vinoslicores','-','-','-','-','premium','España',NULL,'botella','Aspecto: Brillante, de color amarillo, con tonos verdosos.\nAroma: Explosión de sensaciones e intenso. Sobresalen notas florales de violeta y rosa. Los fuertes aromas primarios destacan sobre los finos olores de fermentación, en conjunto muy concentrado, complejo.\nGusto: De paladar sedoso, meloso y con cuerpo. Sus perfumes nos envuelven, dando la sensación de que se degustan las propias uvas. Retrogusto largo y armónico.\n','D.O. Penedès\nVareidades: Gewürztraminer, Muscat, Sauvignon Blanco.                                                                                                                                                                   Temperatura de servicio: 10oC.\nGraduación alcohólica: 11.5%.                                                         Premios:\n 2013. Medalla de Plata. Berliner Wine Trophy.\n2011. Distinción Diamante. Premios “Vino y Mujer”. Feria Nacional del Vino, España. Categoría vinos blancos sin madera.\n2001. Medalla de Plata. Muscats du Monde.\n    \n\n                                                                                                                                                                          ',NULL,'750 ml',6,NULL,150,NULL,'223.88292682927','MXN','229.48',NULL,'6','Mismo artículo',NULL,NULL,NULL,NULL,'45 días','CDMX ','2','no',26,1,'-'),(95,NULL,'GAUDIANA TINTO SUAVE','Vino Tinto del Penedès, zona en la cual la influencia del mar y del sol convierte al Penedès Central y Bajo, con clima c','Elaborado con Cabernet Sauvignon, Merlot y Tempranillo procedente de vides de más de 40 años que se dejan sobre madurar en cepa; las variedades se vendimian y se seleccionan manualmente.                                                          Excelente maridaje con: Arroces de montaña, Conejo y Liebre, Embutidos curados, Entrecot, Chuletón y Solomillo, Hamburguesa, Jamón curado, Pasta con salsa de carne, Pasta con salsa de pesto, Pasta con salsas cremosas, Pizza, Pollo a la plancha.','PC007M','gourmet','vinoslicores','-','-','-','-','premium','España',NULL,'botella','Aspecto: De intenso color granate y destellos violáceos, con fondo cereza picota muy brillante y limpio.\nAroma: De gran complejidad aromática: frutas rojas como las cerezas y algo de frutas negras, especiados, algo de frutas maduras y muy expresivo.\nGusto: Entrada en boca muy agradable, se aprecian los aromas de frutas en nariz y nos da una sensación carnosa y compleja. Muy redondo, proporcionando un conjunto elegante y agradable. Retrogusto largo, intenso y un punto abocado procedente de la variedad Tempranillo que se ha dejado sobre madurar en la propia cepa.\n','D.O. Penedès\nVareidades: Cabernet Sauvignon, Merlot y Tempranillo sobre madurada en cepa.                                                                       Temperatura de servicio: 18oC.\nGraduación alcohólica: 12%.         \n\n                                                                                                                                                                          ',NULL,'750 ml',6,NULL,150,NULL,'161.25603864734','MXN','166.9',NULL,'6','Mismo artículo',NULL,NULL,NULL,NULL,'45 días','CDMX ','2','no',26,1,'-'),(96,NULL,'CLOS DE TORRIBAS TINTO RESERVA','Gran Tinto del Penedès, región cuyas tierras profundas, arenosas, arcillosas y permeables retienen el agua de la lluvia.','Cada variedad de uva se elabora por separado. Los tiempos de maceración del mosto con los hollejos son de entre 3 semanas y 1 mes, dependiendo de la variedad. Posteriormente, se procede al coupage. Una vez realizados los distintos trasiegos para la clarificación y estabilización, se pasa a las barricas de roble para su crianza durante 1 año. Después se embotella para seguir su evolución dentro de la botella como mínimo 2 años más.                                                                                                Excelente maridaje con: Capón y Pularda, Ciervo, Codorniz y perdiz, Estofados y carnes con salsa, Hamburguesa, Jabalí, Pato, Patas de cerdo, Pollo asado al horno, Pollo en salsa, Queso curado, Quesos fundidos.','PC009M','gourmet','vinoslicores','-','-','-','-','premium','España',NULL,'botella','Aspecto: Vino limpio con tonalidades oscuras de color teja.\nAroma: De gran complejidad aromática: frutas rojas como las cerezas y algo de frutas negras, especiados, algo de frutas maduras y muy expresivo.\nGusto: Bouquet muy clásico de un vino de reserva. En boca sobresale un vino potente y robusto con fuerza. Se perciben algunas notas de regaliz, con taninos potentes.\n','D.O. Penedès\nVareidades: Cabernet Sauvignon, Tempranillo.                                                                                                                                                                   Temperatura de servicio: 18oC.\nGraduación alcohólica: 12.5%.                                                        Premios:\n 2014. Medalla de Plata. Veritage Miami.\n 2009. Medalla de Oro. Vuoden Viinit Kilpailu, Finlandia.\n   \n\n                                                                                                                                                                          ',NULL,'750 ml',6,NULL,150,NULL,'222.79611650485','MXN','229.48',NULL,'6','Mismo artículo',NULL,NULL,NULL,NULL,'45 días','CDMX ','2','no',26,1,'-'),(97,NULL,'DIORAMA MERLOT','Vino Tinto del Penedès. En esta zona de Cataluña se elaboran vinos de calidad excepcional, reconocidos en todo el mundo ','Una vez entrada la uva en la bodega y despalillada, se procede a encubar para que empiece la maceración que durará, aproximadamente, unos días. Seguidamente, se prensa para finalizar su proceso. Una vez trasegado varias veces, se pone en barricas de roble durante unos 4 o 5 meses para, después, embotellarlo.                                                           Excelente maridaje con: Arroces de montaña, Capón y Pularda, Ciervo, Cocidos y otros platos de cuchara, Codorniz y perdiz, Conejo y liebre, Embutidos curados, Entrecot, Chuletón y Solomillo, Estofados y carnes con salsa, Hamburguesa, Jabalí, Jamón curado, Pato, Patas de cerdo, Pollo asado al horno, Pollo en salsa, Queso curado, Quesos ahumados, Quesos de oveja, Quesos viejos.','PC010M','gourmet','vinoslicores','-','-','-','-','premium','España',NULL,'botella','Aspecto: Limpio de tonos violetas y caobas.\nAroma: Es un vino en el cual se mezclan los aromas varietales de frutas con los propios de su paso por la barrica. De este modo, podemos encontrar frambuesa o cereza como aromas frutales; la vainilla y ligeros tostados, de su estancia en barrica.\nGusto: En boca es un vino de mucha complejidad y con bastante cuerpo, pero de paladar fino.\n','D.O. Penedès\nVareidades: Merlot                                                                        Temperatura de servicio: 18oC.\nGraduación alcohólica: 14%.         \n\n                                                                                                                                                                          ',NULL,'750 ml',6,NULL,150,NULL,'224.98039215686','MXN','229.48',NULL,'6','Mismo artículo',NULL,NULL,NULL,NULL,'45 días','CDMX ','2','no',26,1,'-'),(98,NULL,'DIORAMA SYRAH','Vino Tinto de Penedès, región que el día de hoy se constituye en un campo de experimentación vitivinícola como ninguna o','Una vez que llega la vendimia a la bodega, se despalilla y se encuba para dejarlo en maceración durante 1 semana para extraer toda su fruta y algo de taninos. Transcurrido este tiempo, se prensa y se acaba de fermentar, para luego, tras varios trasiegos, pasar entre 3 y 4 meses en barrica de roble. Finalmente, se embotella para mantener todas sus esencias intactas.                                    Excelente maridaje con: Arroces de montaña, Capón y Pularda, Ciervo, Cocidos y otros platos de cuchara, Codorniz y perdiz, Conejo y liebre, Embutidos curados, Entrecot, Chuletón y Solomillo, Estofados y carnes con salsa, Hamburguesa, Jabalí, Jamón curado, Pato, Patas de cerdo, Pollo asado al horno, Pollo en salsa, Queso curado, Quesos ahumados, Quesos de oveja, Quesos viejos.','PC011M','gourmet','vinoslicores','-','-','-','-','premium','España',NULL,'botella','Aspecto: Cristalino con tonos violetas y azulados.\nAroma: Destaca con mucha fuerza la fruta, sobre todo las moras y violetas. Si se continúa oxigenando la copa de cata, aparecen notas de higos secos y chocolate.\nGusto: En boca es un vino muy sabroso. Las frutas rojas y mermeladas destacan por encima de unos taninos muy redondos y poco intensos.\n','D.O. Penedès\nVariedades: Syrah.                                                                                                                                                                                                                           Temperatura de servicio: 18oC.\nGraduación alcohólica: 12.5%.         \n\n                                                                                                                                                                          ',NULL,'750 ml',6,NULL,150,NULL,'252.87254901961','MXN','257.93',NULL,'6','Mismo artículo',NULL,NULL,NULL,NULL,'45 días','CDMX ','2','no',26,1,'-'),(99,NULL,'DIORAMA GARNACHA TINTA','Vino Tinto Ecológico de Terra Alta, situada al sudeste de Cataluña, dentro de la provincia de Tarragona. El vino de esta','Vino procedente de viticultura ecológica, amparado por el Consejo Catalán de la Producción Agraria Ecológica (CCPAE).\nLa uva llega a la bodega y, después de un despalillado, se encuba durante 10 días. Se prensa para separar los hollejos y se trasiega el vino varias veces para estabilizarlo. Se pasa por barrica durante 4 meses para secuestrar los taninos y el color. Finalmente, se filtrará y embotellará.\nExcelente maridaje con: Arroces de montaña, Cocidos y otros platos de cuchara, Embutidos curados, Hamburguesa, Jamón curado, Jamón dulce, Pasta con salsa de carne, Pasta con salsa de tomate, Pizza, Pollo a la plancha, Quesos de oveja.','PC070M','gourmet','vinoslicores','-','-','-','-','premium','España',NULL,'botella','Aspecto: Brillante de tonos violetas y rosáceos, con poca capa.\nAroma: Destacan mucho la ciruela y las frutas rojas. Si se oxigena la copa, aparecen los aromas más especiados, la canela y las confituras.\nGusto: Es un vino ligero con unos taninos muy suaves y con frescor. Traspasa una sensación de gran finura, dejando un paladar con agradable gusto a fruta.\n','D.O. Terra Alta\nVariedades: Garnacha Tinta.                                                                                                                                                                                                                          Temperatura de servicio: 18oC.\nGraduación alcohólica: 14.5%.                                                                                                                                                                                                        Certificaciones:  Agricultura Ecológica. Bio nach EG-Öko-Verodnung. \n Consell Catallà de la Producciò Agrària Ecològica.\n         \n\n                                                                                                                                                                          ',NULL,'750 ml',6,NULL,150,NULL,'252.87254901961','MXN','257.93',NULL,'6','Mismo artículo',NULL,NULL,NULL,NULL,'45 días','CDMX ','2','no',26,1,'-'),(100,NULL,'CHATELDÓN RESERVA','Vino Tinto del Penedès, donde el cultivo de la viña se remonta al siglo IV a. C., perfeccionándose las estructuras agríc','Su crianza ha sido en barricas de roble durante 14 meses y, posteriormente, ha sido embotellado y guardado en botella 2 años antes de su comercialización, guardando así una óptima crianza.                                             Excelente maridaje con: Capón y Pularda, Ciervo, Codorniz y perdiz, Embutidos curados, Estofados y carnes con salsa, Jabalí, Jamón curado, Pato, Patas de cerdo, Pollo asado al horno, Pollo en salsa, Queso curado.','PC012M','gourmet','vinoslicores','-','-','-','-','premium','España',NULL,'botella','Aspecto: De color granate con tonos violáceos, limpio y brillante.\nAroma: Aromas intensos a pasas y mermeladas con ligeros matices de roble. Aireando el vino, afloran aromas varietales y a especias como el clavo o la pimienta.\nGusto: De paladar suave, destacan los gustos obtenidos del envejecimiento en perfecto equilibrio con el cuerpo. Con un posgusto largo y un cuerpo intenso, deja un agradable sabor en boca.\n','D.O. Penedés\nVariedades: Cabernet Sauvignon.                                                                                                                                                                                              Temperatura de servicio: 18oC.\nGraduación alcohólica: 12.5%.                                                                                                                                                                                                                                 Premios:\n 2014. Medalla de Oro. Berliner Wine Trophy.\n2011. Vino Excelente. Premium Select Wine Challenge, Prowine.\n2010, abril. 2004 Wine Advocate # 188. Puntaje: 90.\n2010. Diploma. Concurso Internacional de cata Cabernet.\n2009. Plata. International Wine and Spirit Competition.\n2008. Bronce. International Wine and Spirit Competition.\n 2008. Medalla de Plata. Decanter.\n 2005. Medalla de Bronce. International Wine Challenge.\n 2004. Bacchus Plata. VI Concurso Internacional Bacchus.\n 2004. Plata Rusa. International Wine Challenge.\n 2004. Premio de Oro. International Wine and Spirit Competition.\n 2003. Premio de Oro. International Wine and Spirit Competition.\n 2003. Medalla de Oro. Challenge International du Vin.\n 2003. Medalla de Plata. Challenge International du Vin.\n 2002. Ganador de Plata. International Wine and Spirit Competition.\n 2001. Plata. Premios Zarcillo.\n 2001. Medalla de Plata. International Wine Challenge Hong Kong.\n 2000. Ganador de Plata. International Wine and Spirit Competition.\n 2000. Plata. Japan International Wine Challenge.\n\n         \n\n                                                                                                                                                                          ',NULL,'750 ml',6,NULL,150,NULL,'363.66019417476','MXN','374.57',NULL,'6','Mismo artículo',NULL,NULL,NULL,NULL,'45 días','CDMX ','2','no',26,1,'-'),(101,NULL,'CLOS DE TORRIBAS TINTO CRIANZA MAGNUM 1.5','Vino Tinto del Penedès, siendo ésta una región que posibilita la aclimatacion de diferentes variedades de uvas en distin','Fermentación lenta en cubas de acero inoxidable, con una maceración sobre hollejos de unos 15 días. Posteriormente se procede a su crianza en barrica de roble durante unos 10 meses. Seguidamente pasa más de un año en botella a fin de suavizar al máximo los taninos.                                                                          Excelente maridaje con: Arroces de montaña, Capón y Pularda, Ciervo, Cocidos y otros platos de cuchara, Codorniz y perdiz, Conejo y liebre, Embutidos curados, Entrecot, Chuletón y Solomillo, Estofados y carnes con salsa, Hamburguesa, Jabalí, Jamón curado, Pato, Patas de cerdo, Pollo asado al horno, Pollo en salsa, Queso curado.','PC013M','gourmet','vinoslicores','-','-','-','-','premium','España',NULL,'botella','Aspecto: De color granate y transparente, con tonos ocres.\nAroma: Destaca el aroma de roble y especias con intensidad. Si agitamos la copa aparecen aromas varietales de Tempranillo y frutas del bosque.\nGusto: De paladar suave con una crianza moderada. Tiene un buen equilibrio entre la barrica y el vino que aún se mantiene fresco. Con notas a cedro y roble. En el retrogusto, se detecta la presencia de taninos suavizados con el paso del tiempo.\n','D.O. Penedès\nVariedades: Tempranillo.                                                                                                                                                                                                                          Temperatura de servicio: 18oC.\nGraduación alcohólica: 12.5%.                                                                                                                                                                                                        Premios:\n 2010, abril. 2005 Wine Advocate # 188. Puntaje: 87.\n 2009. Medalla de Oro. Vuoden Viinit Kilpailu, Finlandia.\n                                                                                                                                                                          ',NULL,'1,500 ml',6,NULL,150,NULL,'432.70873786408','MXN','445.69',NULL,'6','Mismo artículo',NULL,NULL,NULL,NULL,'45 días','CDMX ','2','no',26,1,'-'),(102,NULL,'CHATELDÓN GRAN RESERVA','Gran Tinto del Penedés con una excelente relación calidad/precio y reconocido internacionalmente. Producto de nuestros m','Las uvas para elaborar este vino proceden de la finca Muntanyans. Después de un minucioso proceso de selección, elaboración y de una maceración no inferior a 3 semanas, este vino ha envejecido en barricas de roble durante más de 2 años. Posteriormente, se ha embotellado y se ha afinado su crianza durante 3 años en botella.                                 Excelente maridaje con: Capón y Pularda, Ciervo, Codorniz y perdiz, Estofados y carnes con salsa, Jabalí, Pato, Patas de cerdo, Pollo asado al horno, Pollo en salsa, Queso curado, Quesos viejos.','PC014M','gourmet','vinoslicores','-','-','-','-','premium','España',NULL,'botella','Aspecto: De color teja oscuro, con algunos tonos caoba.\nAroma: Vino muy complejo, armónico, en el cual sobresalen los aromas de su larga crianza. Una vez oxigenado el vino, aparecen notas de barricas, especias y fruta.\nGusto: En boca es un vino muy equilibrado. Su madurez y los taninos, que le dan unas sensaciones aterciopeladas muy agradables, le mantienen con un posgusto muy largo.\n','D.O. Penedès\nVariedades: Cabernet Sauvignon.                                                                                                                                                                                                                          Temperatura de servicio: 18oC.\nGraduación alcohólica: 13.5%.                                                                                                                                                                                                        Premios:\nMedalla de Bronce. Challenge International du Vin.\n 2009. Plata (mejor en su clase). International Wine and Spirit Competition.\n 2003. Plata. Premios Zarcillo.\n 2003. Medalla de Plata. Challenge International du Vin.\n 2002. Ganador de Plata. International Wine and Spirit Competition.\n2001. Plata. Premios Zarcillo.\n1997. Medalla de Oro. International Wine Challenge Hong Kong.\n                                                                                                                                                                          ',NULL,'750 ml',6,NULL,150,NULL,'603.02912621359','MXN','621.12',NULL,'6','Mismo artículo',NULL,NULL,NULL,NULL,'45 días','CDMX ','2','no',26,1,'-'),(103,NULL,'PI DEL NORD','VinoTtinto del Penedés y Vino de Autor, creado por nuestro Director General, Juan José Tetas, cuya pasión por el buen vi','Grano a grano han sido seleccionadas las uvas de Cabernet Sauvignon que, una vez transformadas en vino, han reposado 24 meses en barrica de roble francés. A continuación, se han embotellado para continuar su proceso de afinamiento en la oscuridad de la bóveda de nuestra bodega.\nVino nada convencional con una elaboración a capricho de Juan José Tetas, pensando en un vino con personalidad y distinto.\nExcelente maridaje con: Capón y Pularda, Ciervo, Codorniz y perdiz, Hamburguesa, Jabalí, Pato, Patas de cerdo, Pollo asado al horno, Pollo en salsa, Queso curado, Quesos viejos.','PC015M','gourmet','vinoslicores','-','-','-','-','premium','España',NULL,'botella','Aspecto: De color caoba oscuro con algunos tonos granates.\nAroma: De gran estructura y concentración de sabores, con taninos de gran fuerza y notable calidad, finura y robustez.\nGusto: Con una personalidad propia de larga persistencia, rebosante de matices que van apareciendo tras la oxigenación de la copa.\n','D.O. Penedès\nVariedades: Cabernet Sauvignon.                                                                                                                                                                                                                          Temperatura de servicio: 18oC.\nGraduación alcohólica: 13%.                                                                                                                                                                                                        Premios:\n 2010, abril. Wine Advocate # 188. Puntaje: 87.\n 2009. Medalla de Plata. Challenge International du Vin.\n 2004. Medalla de Plata. International Wine Challenge.\n 2004. Premio de Bronce. International Wine and Spirit Competition.\n                                                                                                                                                                          ',NULL,'750 ml',6,NULL,102,NULL,'865.01463414634','MXN','886.64',NULL,'6','Mismo artículo',NULL,NULL,NULL,NULL,'45 días','CDMX ','2','no',26,1,'-'),(104,NULL,'GAUDIANA ROSADO','Parte de nuestra Colección Gaudiana, inspirada en Antonio Gaudí, arquitecto catalán de renombre mundial, cuyo sentido in','Vino fermentado y macerado a baja temperatura para conseguir los máximos aromas y, posteriormente, se embotella.            Excelente maridaje con: Arroces de montaña, Arroces de pescado, Arroces mixtos, Cocidos y otros platos de cuchara, Conejo y liebre, Embutidos curados, Ensaladas vegetales, Hamburguesa, Jamón curado, Jamón dulce, Pasta con salsa de pesto, Pasta con salsas cremosas, Pescado azul, Pizza, Pollo a la plancha, Salpicones y aliños.','PC016M','gourmet','vinoslicores','-','-','-','-','premium','España',NULL,'botella','Aspecto: Rosado fuerte con tonos rojos y brillante.\nAroma: Consistente, fresco con fuerza.\nGusto: De paladar es franco, seco, con cuerpo y agradable.\n','D.O. Penedès\nVariedades: Cariñena, Garnacha, Tempranillo.                                Temperatura de servicio: 10oC.\nGraduación alcohólica: 11.5%.                                                                                                                                                                                                                                                                                                                                                                                  ',NULL,'750 ml',6,NULL,150,NULL,'161.25603864734','MXN','166.9',NULL,'6','Mismo artículo',NULL,NULL,NULL,NULL,'45 días','CDMX ','2','no',26,1,'-'),(105,NULL,'MOSCATO MEDITERRÁNEO','Vino de Aguja. Josep María Tetas, quien estableció nuestra actual bodega, fue el inventor del Vino de Aguja. Este vino, ','Fermentado a 10oC. Posteriormente se conserva en frío y se embotella.                              Excelente maridaje con: Arroces de pescado, Arroces mixtos, Crustáceos, Frutas dulces, Moluscos de concha, Pescado blanco, Repostería.','PC017M','gourmet','vinoslicores','-','-','-','-','premium','España',NULL,'botella','Aspecto: Amarillo pálido con burbuja pequeña.\nAroma: Intenso, limpio y fresco, con mucha flor blanca, fruta tropical y notas de fruta carnosa de hueso madura y con ligeros toques de membrillo.\nGusto: Dulce en boca pero no pesado, muy fresco y con carbónico agradable. Fruta muy nítida y jugosa.\n','Vino de Aguja\nVariedades: Moscatel de Alejandría.                                Temperatura de servicio: 8oC.\nGraduación alcohólica: 4.5%.      ',NULL,'750 ml',6,NULL,150,NULL,'170.4154589372','MXN','176.38',NULL,'6','Mismo artículo',NULL,NULL,NULL,NULL,'45 días','CDMX ','2','no',26,1,'-'),(106,NULL,'REYNAL BLANCO SUAVE','Otro más de nuestros Vinos de Aguja, desprende finas burbujas que proceden de una fermentación natural y de los azúcares','Vino elaborado con las tres variedades típicas de la zona. Una vez fermentadas, se realiza una segunda fermentación. Después se estabiliza y se embotella.                                       Excelente maridaje con: Arroces de pescado, Arroces mixtos, Crustáceos, Ensaladas de arroz, Ensaladas de pasta, Frutas dulces, Moluscos de concha, Pasta con salsa de tomate, Pasta con salsas marineras, Pescado blanco, Pescados con salsa, Pizza, Repostería.\n\n','PC018M','gourmet','vinoslicores','-','-','-','-','premium','España',NULL,'botella','Aspecto: Claro y brillante, de color amarillo paja. Al descorchar la botella, se puede ver claramente las finas burbujas que se van desprendiendo.\nAroma: Las distintas variedades que conforman el coupage dan unos aromas afrutados que lo hacen muy agradable. Destacan los cítricos como la manzana y la piña.\nGusto: En boca se vuelve extraordinariamente suave y fresco gracias a los sabores de fruta junto con el fino desprendimiento de las burbujas que nos llenan el paladar. Da una sensación final de equilibrio y armonía muy agradable.\n','Vino de Aguja\nVariedades: Macabeo, Parellada, Xarel·lo.                                Temperatura de servicio: 6oC.\nGraduación alcohólica: 10%.                                                     Premios:\n 2001. Sello de Aprobación. International Wine Challenge Hong Kong.\n',NULL,'750 ml',6,NULL,150,NULL,'161.25603864734','MXN','166.9',NULL,'6','Mismo artículo',NULL,NULL,NULL,NULL,'45 días','CDMX ','2','no',26,1,'-'),(107,NULL,'REYNAL ROSADO','Uno más de nuestros Vinos de Aguja, de paladar ligero  y suntuoso, ha tenido mucho éxito entre nuestros clientes por su ','Vino elaborado con la variedad típica de la zona. Una vez fermentada, se realiza una segunda fermentación. Después se estabiliza y se embotella.                                                        Excelente maridaje con: Arroces de montaña, Arroces de pescado, Arroces mixtos, Ensaladas de arroz, Ensaladas de pasta, Jamón dulce, Pasta con salsa de carne, Pasta con salsa de tomate, Pasta con salsas marineras, Pescado azul, Pizza, Pollo a la plancha, Salpicones y aliños.','PC019M','gourmet','vinoslicores','-','-','-','-','premium','España',NULL,'botella','Aspecto: Rosa rubí brillante en el cual se puede observar el ligero desprendimiento de las burbujas de carbónico.\nAroma: Es complejo, destacan sus aromas frutales como la frambuesa o la fresa, productos de su fermentación y de las variedades de las cuales está formado.\nGusto: En el paladar lo encontramos ligeramente dulce llegando, de este modo, a un equilibrio entre la acidez y el cuerpo con el alcohol. La liberación del carbónico le proporciona un carácter fresco.\n','Vino de Aguja\nVariedades: Tempranillo.                                                       Temperatura de servicio: 6oC.\nGraduación alcohólica: 10.5%.                                                     ',NULL,'750 ml',6,NULL,150,NULL,'161.25603864734','MXN','166.9',NULL,'6','Mismo artículo',NULL,NULL,NULL,NULL,'45 días','CDMX ','2','no',26,1,'-'),(108,NULL,'REYNAL TINTO','De nuestra familia de Vinos de Aguja, este Tinto merece ser degustado por ser diferente y fácil de disfrutar.','Vino elaborado con las dos variedades típicas de la zona. Una vez fermentadas, se realiza una segunda fermentación. Después se estabiliza y se embotella.                                                     Excelente maridaje con: Arroces de montaña, Arroces de pescado, Arroces mixtos, Ensaladas de arroz, Ensaladas de pasta, Hamburguesa, Jamón dulce, Pasta con salsa de carne, Pasta con salsa de tomate, Pasta con salsas marineras, Pescado azul, Pizza, Pollo a la plancha, Salpicones y aliños.','PC020M','gourmet','vinoslicores','-','-','-','-','premium','España',NULL,'botella','Aspecto: Color transparente con tonalidades granates, las pequeñas burbujas forman en la superficie una pequeña corona, característica de un buen vino de aguja de fermentación natural.\nAroma: Son aromas primarios en los que destaca un fondo floral, debido a su juventud.\nGusto: En la boca destaca su suavidad y su ligera aguja. Refrescante y apetecible, se trata de un vino diferente e informal.','Vino de Aguja\nVariedades: Merlot, Syrah.                                                       Temperatura de servicio: 6oC.\nGraduación alcohólica: 11.5%.                                                     ',NULL,'750 ml',6,NULL,150,NULL,'161.25603864734','MXN','166.9',NULL,'6','Mismo artículo',NULL,NULL,NULL,NULL,'45 días','CDMX ','2','no',26,1,'-'),(109,NULL,'PAZO ROSQUEIRA','Rías Baixas es la Denominación de Origen más atlántica del territorio español. Este Blanco Albariño, es un producto tipi','Una vez recogidas, las uvas pasan a la mesa de selección manual y de ahí a la despalilladora. La uva recorre un circuito de refrigeración, donde se enfría, hasta una temperatura de unos 5oC, óptima para que la uva repose en el proceso de maduración de unas ocho horas. Una vez macerada la uva, es prensada y el mosto extraído se pasa a las cubas de acero inoxidable, en las cuales fermenta a una temperatura controlada de 18oC. Finalizada la fermentación, se somete a dos trasiegos para eliminar restos sólidos.                                         Excelente maridaje con: Arroces de pescado, Crustáceos, Ensaladas de arroz, Ensaladas de pasta, Ensaladas vegetales, Marisco con salsa, Moluscos de Concha, Pasta con salsas marineras, Pescado azul, Pescado blanco, Pescado ligero, Pescados con salsa, Salpicones y aliños.','PC021','gourmet','vinoslicores','-','-','-','-','premium','España',NULL,'botella','Aspecto: Color amarillo verdoso, brillante y limpio, con buena intensidad.\nAroma: Extraordinariamente aromático, de gran profundidad y elegancia. Amplio y sabroso, desprende un abanico de olores sutiles y frágiles, dentro de los cuales destacan los sabores primarios de la uva.\nGusto: Fresco, con cierto tacto untuoso, con acidez suficiente para mantenerlo vivo y sabroso, sin perder su delicadeza especial, con un retrogusto placentero, elegante y completo. Gusto floral y de fruta recién pelada.\n','D.O. Rías Baixas\nVariedades: Albariño.                                                                                                  Temperatura de servicio: 10oC.\nGraduación alcohólica: 12.5%.                                                                                                                                                                                                                                                                                                                                                                                  ',NULL,'750 ml',6,NULL,150,NULL,'251.94117647059','MXN','256.98',NULL,'6','Mismo artículo',NULL,NULL,NULL,NULL,'45 días','CDMX ','2','no',26,1,'-'),(110,NULL,'VIÑA FORAL','Vino Tinto de Castilla y León, que es una indicación geográfica protegida, utilizada para designar los vinos de la tierr','Vino de cepas viejas, el cuidadoso control del viñedo del que procede y una paciente vinificación, hacen de él un referente en la región, en cuanto a su gran relación calidad/precio; tanto, que asombra a propios y extraños del panorama vitivinícola.                        Excelente maridaje con: Embutidos, Pastas, Pescados al horno, Pintxos y botanas, Platos de carne, Quesos no excesivamente curados, Verduras.','PC022M','gourmet','vinoslicores','-','-','-','-','premium','España',NULL,'botella','Aspecto: Color cereza intenso con ribete ligeramente violáceo.\nAroma: Joven, fresco y frutal.\nGusto: Estructurado y suave, con matices ahumados y personalidad mineral, notas que se funden a la perfección con su largo y suave posgusto abocado.\n','Castilla y León\nVariedades: Tempranillo.                                                                                                  Temperatura de servicio: 14oC-16oC, aunque en temperaturas cálidas y gracias a su suavidad, su equilibrio frutal agradecerá ser degustado fresco, entre los 9oC y los 12oC.\nGraduación alcohólica: 13%.                                                                                                                                                                                                                                                                                                                                                                                  ',NULL,'750 ml',6,NULL,150,NULL,'125.9806763285','MXN','130.39',NULL,'6','Mismo artículo',NULL,NULL,NULL,NULL,'45 días','CDMX ','2','no',26,1,'-'),(111,NULL,'GRAN LOGRADO COSECHA','Este Tinto se elabora en Rioja, región española de las más conocidas en México, privilegiada para el cultivo de la vid y','Elaborado por el método tradicional de Rioja, la maceración y la fermentación se desarrollan paulatina y progresivamente con temperatura controlada, que no rebasa en ningún momento los 28oC, para extraer los caracteres singulares de las variedades que lo constituyen y, después de trece o catorce días, se procede al sangrado y al prensado de las pastas.               ','PC023M','gourmet','vinoslicores','-','-','-','-','premium','España',NULL,'botella','Aspecto: Limpio y brillante, con abundante lágrima y con capa alta de color. Color granate, con ribetes púrpuras en el entorno del menisco de la copa.\nAroma: En nariz mantiene los aromas primarios: de fruta madura y con un ligero carácter de regaliz e hinojo, envueltos por un matiz floral, herbáceo y ahumado y con notas de frutas maduras compotadas.\nGusto: En boca es un vino fresco y cálido, debido a su juventud, pero con volumen. Por vía retronasal se aprecian los aromas de las frutas maduras de regaliz y de hinojo. El posgusto no es largo, pues este tipo de vino debe de dejar la boca fresca y limpia, para recibir otro trago.\n','D.O.Ca Rioja\nVariedades: Tempranillo, Viura.                                                                                                  Temperatura de servicio: 18oC.\nGraduación alcohólica: 13%.                                                                                                                                                                                                                                                                                                                                                                                  ',NULL,'750 ml',6,NULL,150,NULL,'136.71844660194','MXN','140.82',NULL,'6','Mismo artículo',NULL,NULL,NULL,NULL,'45 días','CDMX ','2','no',26,1,'-'),(112,NULL,'GRAN LOGRADO CRIANZA','Vino Tinto de Rioja, en donde se elaboran vinos de alta calidad con personalidad única y gran aptitud para la crianza. T','Elaborado con uvas de la zona más septentrional de la Rioja, aquéllas se fermentan a 30oC y se maceran durante un periodo de 30 días. Con remontados diarios y prolongados. Después, se envejece durante 480 días en barricas de roble americano y tras un necesario y adecuado reposo, se embotella para terminar de madurarlo.                                                                          ','PC024M','gourmet','vinoslicores','-','-','-','-','premium','España',NULL,'botella','Aspecto: Limpio y brillante, con capa media–alta de color. Tiene un color rojo rubí, con unos ligeros matices de tejas.\nAroma: En nariz presenta unos elegantes aromas terciarios: con matices intensos de ahumados y canela, regaliz y frutas pasas, con unos envolventes y melosos olores de caramelo y especias, que finaliza con una sensación muy balsámica.\nGusto: En boca es un vino ligero en el ataque, aterciopelado en el paso a boca y con una equilibrada y sedosa estructura. Por vía retronasal se aprecian aromas tostados y de toffes de moca. Es un vino con un posgusto muy envolvente y agradable, con una buena sensación ácida y tánica en la lengua.\n','D.O.Ca Rioja\nVariedades: Garnacha Tinta, Tempranillo, Viura.                                                                                                  Temperatura de servicio: 18oC.\nGraduación alcohólica: 13.5%.                                                                                                                                                                                                                                                                                                                                                                                  ',NULL,'750 ml',6,NULL,150,NULL,'266.99029126214','MXN','275',NULL,'6','Mismo artículo',NULL,NULL,NULL,NULL,'45 días','CDMX ','2','no',26,1,'-'),(113,NULL,'GRAN LOGRADO RESERVA','Gran Tinto de Rioja elaborado con variedades tradicionales de la región, en la cual el vino forma parte de la cultura, d','Es un vino elaborado con uvas seleccionadas de nuestras viñas más viejas y de la zona más septentrional de la Rioja. Se fermentan la uvas a 30oC y se maceran durante un periodo de 45 días. Con remontados diarios y prolongados. Después, envejeció este vino durante 417 días en barricas de roble americano y, tras un necesario y adecuado reposo, fue embotellado, permaneciendo 750 días en la botella, para terminar su maduración.','PC072M','gourmet','vinoslicores','-','-','-','-','premium','España',NULL,'botella','Aspecto: Limpio y brillante, con capa media–alta de color. Tiene un color rojo rubí, con unos ligeros matices de tejas.\nAroma: En nariz presenta unos elegantes aromas terciarios: con matices intensos de clavo y frutas pasas, con unos envolventes melosos y ahumados.\nGusto: En boca es un vino carnoso en el ataque y aterciopelado en el paso a la boca, con una equilibrada estructura y unos taninos maduros. Es un vino con un postgusto largo, muy envolvente, agradable y sabroso.\n','D.O.Ca Rioja\nVariedades: Garnacha Tinta, Tempranillo, Viura.                                                                                                  Temperatura de servicio: 18oC.\nGraduación alcohólica: 13.5%.                                                                                                                                                                                                                                                                                                                                                                                  ',NULL,'750 ml',6,NULL,150,NULL,'405.08737864078','MXN','417.24',NULL,'6','Mismo artículo',NULL,NULL,NULL,NULL,'45 días','CDMX ','2','no',26,1,'-'),(114,NULL,'MARQUÉS DE PLUMA COSECHA','Vino Tinto de la Ribera del Duero. Los antiguos pobladores de la región ya lo sabían. Esta tierra inimitable produce alg','Elaborado con Tinta Fina, procedente de cepas de más de 35 años, que se vendimia y selecciona a mano, escogiendo sólo la uva que reúne los valores de intensidad aromática y concentración de fruta que van a garantizar un vino de la mayor calidad. A continuación, es macerado durante 21 días a una temperatura controlada de 23oC.                              Excelente maridaje con: Cerdo a la brasa, Cordero a la brasa, Ensaladas de arroz, Ensaladas de pasta, Ensaladas vegetales, Entrecot, Chuletón y Solomillo, Hamburguesa, Jamón dulce, Pasta con salsa de carne, Pasta con salsa de pesto, Pasta con salsa de tomate, Pasta con salsas cremosas, Pizza, Pollo a la plancha, Pollo asado al horno, Pollo en salsa, Quesos azules.','PC25M','gourmet','vinoslicores','-','-','-','-','premium','España',NULL,'botella','Aspecto: Rojo granate intenso y vivo.\nAroma: Abanico de aromas de frutas rojas con toques minerales y de regaliz.\nGusto: En boca se presenta intenso, carnoso y amplio, haciéndose presente las sensaciones frutales, con paso de boca sedoso y de acidez equilibrada.\n','D.O.Ribera del Duero\nVariedades: Tempranillo.                                                                                                  Temperatura de servicio: 18oC.\nGraduación alcohólica: 13.5%.                                                                                                                                                                                                                                                                                                                                                                                  ',NULL,'750 ml',6,NULL,150,NULL,'171.2427184466','MXN','176.38',NULL,'6','Mismo artículo',NULL,NULL,NULL,NULL,'45 días','CDMX ','2','no',26,1,'-'),(115,NULL,'MARQUÉS DE PLUMA ROBLE','Vino Tinto de la Ribera del Duero. La Denominación de Origen, tal y como hoy la conocemos, surge tras la iniciativa de u','Con Tinta Fina de cepas de más de 35 años, la vendimia y su selección se realizan manualmente, macerándose después a temperatura controlada de 23oC durante 21 días y, a continuación, permanece 4 meses en barricas de roble americano y francés.          Excelente maridaje con: Capón y Pularda, Cerdo a la brasa, , Ciervo, Codorniz y perdiz, Conejo y liebre, Cordero a la brasa, Embutidos curados, Entrecot, Chuletón y Solomillo, Estofados y carnes con salsa, Jabalí, Jamón curado, Pato, Pies de cerdo, Pizza, Pollo a la plancha, Pollo asado al horno, Pollo en salsa, Queso curado, Quesos ahumados, Quesos viejos.','PC26M','gourmet','vinoslicores','-','-','-','-','premium','España',NULL,'botella','Aspecto: Rojo picota intenso, limpio y brillante, con ribetes violeta.\nAroma: En nariz es complejo y amplio. Los aromas frutales -frutas rojas frescas-  y de regaliz se complementan con matices de vainilla y especias. Muy persistente.\nGusto: En boca, es suave, bien estructurado y ofrece un agradable equilibrio entre la fruta y las notas de crianza.\n','D.O.Ribera del Duero\nVariedades: Tempranillo.                                                                                                  Temperatura de servicio: 18oC.\nGraduación alcohólica: 14%.                                                                                                                                                                                                                                                                                                                                                                                  ',NULL,'750 ml',6,NULL,150,NULL,'242.1359223301','MXN','249.4',NULL,'6','Mismo artículo',NULL,NULL,NULL,NULL,'45 días','CDMX ','2','no',26,1,'-'),(116,NULL,'MARQUÉS DE PLUMA CRIANZA','Vino Tinto de la Ribera del Duero, cuya naturaleza sorprendente y singular ha querido regalarnos unas condiciones exclus','Una vez seleccionada la uva a mano, pasa al primer depósito de maceración para retener los aromas y a un proceso de fermentación de 21 días a temperatura controlada de 23oC, con los correspondientes trasiegos. A continuación, el vino permanece 14 meses en barricas de roble americano y francés, pasando posteriormente a botella para su afinamiento.   Excelente maridaje con: Capón y Pularda, Cerdo a la brasa, Ciervo, Cocidos y otros platos de cuchara, Codorniz y perdiz, Conejo y liebre, Cordero a la brasa, Embutidos curados, Entrecot, Chuletón y Solomillo, Estofados y carnes con salsa, Pasta con salsa de carne, Pato, Patas de cerdo, Pollo a la plancha, Pollo asado al horno, Pollo en salsa, Queso curado, Quesos ahumados, Quesos azules, Quesos de cabra, Quesos viejos.','PC027M','gourmet','vinoslicores','-','-','-','-','premium','España',NULL,'botella','Aspecto: Rojo picota intenso con algunos ribetes azulados.\nAroma: Los aromas primarios de fruta roja y frutos secos se mezclan a la perfección con la vainilla, las especias y el cacao desarrollados por la crianza.\nGusto: Se muestra pleno, de sabor amplio y carnoso. Excelente equilibrio entre taninos y acidez. Paso de boca amable y retrogusto de prolongada persistencia.\n','D.O.Ribera del Duero\nVariedades: Tempranillo.                                                                                                  Temperatura de servicio: 18oC.\nGraduación alcohólica: 13.5%.                                                                                                                                                                                                                                                                                                                                                                                                                       Premios:\n 2011. Gran Oro. Concurso VINHORECA.\n',NULL,'750 ml',6,NULL,150,NULL,'298.81951219512','MXN','306.29',NULL,'6','Mismo artículo',NULL,NULL,NULL,NULL,'45 días','CDMX ','2','no',26,1,'-'),(117,NULL,'MARQUÉS DE PLUMA VERDEJO','Vino Blanco de la Denominación de Origen Rueda, situada en el centro de la depresión del río Duero, en una altiplanicie ','Uva seleccionada, procedente de viñas propias de entre 15 y 30 años. Fermentada a temperatura controlada.                                       Excelente maridaje con: Crustáceos, Ensaladas de pasta, Ensaladas vegetales, Moluscos de concha, Pasta con salsa de pesto, Pasta con salsas marineras, Pizza.','PC029M','gourmet','vinoslicores','-','-','-','-','premium','España',NULL,'botella','Aspecto: Amarillo pajizo con tonos limón, limpio y brillante.\nAroma: Destacan sus aromas cítricos como los de la lima verde, las frutas blancas y anisados, recuerdos salinos y una perfecta acidez.\nGusto: En boca es seco y sabroso, con tonos herbáceos y cítricos que le dan una personalidad característica y unos matices diferenciadores frente a otros vinos de la misma variedad.\n','D.O.Rueda\nVariedades: Verdejo.                                                                                                  Temperatura de servicio: 10oC.\nGraduación alcohólica: 13%.                                                                                                                                                                                                                                                                                                                                                                                                                       ',NULL,'750 ml',6,NULL,150,NULL,'232.00970873786','MXN','238.97',NULL,'6','Mismo artículo',NULL,NULL,NULL,NULL,'45 días','CDMX ','2','no',26,1,'-'),(118,NULL,'MOSCATEL','Vino de Postre. Acompañante idóneo para los postres. En Bodegas Pinord contamos con el Moscatel como un vino referente d','Es una mistela de uva moscatel que no se ha dejado fermentar y se le ha añadido alcohol vínico.                                                                       Excelente maridaje con: Frutas ácidas, Frutas dulces, Frutas rojas, Frutos secos, Repostería.','PC030M','gourmet','vinoslicores','-','-','-','-','premium','España',NULL,'botella','Aspecto: De color amarillo fuerte, con tonalidades oro, de textura sedoso y brillante.\nAroma: Destaca su aroma intenso que nos recuerda perfectamente la uva de Moscatel, con unos perfumes a pétalos de rosas abiertas y a miel que nos cautivan el olfato.\nGusto: En boca se encuentra lleno, untuoso, sin ser pesado. Aparecen otra vez los gustos de la uva Moscatel, formando un conjunto plenamente armónico.\n','Vino de Postre\nVariedades: Moscatel.                                                                                                  Temperatura de servicio: 12oC.\nGraduación alcohólica: 15%.                                                      Premios:\n 2004. Oro. International Wine Challenge.\n                                                                                                                                                                                                                                                                                                                                                                                                           ',NULL,'750 ml',6,NULL,150,NULL,'184.61835748792','MXN','191.08',NULL,'6','Mismo artículo',NULL,NULL,NULL,NULL,'45 días','CDMX ','2','no',26,1,'-'),(119,NULL,'PONTO SOLERA','Este Vino de Postre es un vino fortificado al que se detiene la fermentación con la adición de alcohol, conservando así ','Vino licoroso de coupage de distintos vinos de solera.','PC031M','gourmet','vinoslicores','-','-','-','-','premium','España',NULL,'botella','Aspecto: De aspecto limpio, de color caoba claro.\nAroma: Sus aromas son intensos y profundos. Sobresalen las frutas maduras almibaradas, junto con aromas de crianza.\nGusto: En boca es sedoso y con fuerza, resaltando tanto la madurez de frutas, como caracteres más propios del envejecimiento. Con ligeros toques a nuez y avellana. Su posgusto es largo, con una exquisita suavidad.\n','Vino de Postre\nVariedades: Garnacha Blanca.                                                                                                  Temperatura de servicio: 15oC.\nGraduación alcohólica: 17%.                                                                                                                                                                                                                                                                                                                                                                                                                                                                 ',NULL,'750 ml',12,NULL,150,NULL,'207.14563106796','MXN','213.36',NULL,'6','Mismo artículo',NULL,NULL,NULL,NULL,'45 días','CDMX ','2','no',26,1,'-'),(120,NULL,'MOSCATEL ÁNFORA RACIMO','Vino de Postre. Es un Moscatel de Alejandría presentado en botella de coleeción.','Es una mistela de uva moscatel que no se ha dejado fermentar y se le ha añadido alcohol vínico.                                                                       Excelente maridaje con: Frutas ácidas, Frutas dulces, Frutas rojas, Frutos secos, Repostería.','PC032M','gourmet','vinoslicores','-','-','-','-','premium','España',NULL,'botella','Aspecto: De color amarillo fuerte, con tonalidades oro, de textura sedoso y brillante.\nAroma: Destaca su aroma intenso que nos recuerda perfectamente la uva de Moscatel, con unos perfumes a pétalos de rosas abiertas y a miel que nos cautivan el olfato.\nGusto: En boca se encuentra lleno, untuoso, sin ser pesado. Aparecen otra vez los gustos de la uva Moscatel, formando un conjunto plenamente armónico.\n','Vino de Postre\nVariedades: Moscatel.                                                                                                  Temperatura de servicio: 12oC.\nGraduación alcohólica: 15%.                                                                                                                                                                                                                                                                                                                                                                                                                                                                 ',NULL,'750 ml',6,NULL,150,NULL,'289.57073170732','MXN','296.81',NULL,'6','Mismo artículo',NULL,NULL,NULL,NULL,'45 días','CDMX ','2','no',26,1,'-'),(121,NULL,'GRAN CHEF','Vino de Cocina. La costumbre de ayudarnos a cocinar con vino la hemos heredado de las antiguas culturas griega y romana.','Vino añejo de crianza de alta graduación para que mantenga su estructura con las once hierbas seleccionadas cuidadosamente en nuestra comarca, debidamente mezcladas y maceradas durante más de 6 meses. A continuación se filtra y se embotella.','PC033M','gourmet','vinoslicores','-','-','-','-','premium','España',NULL,'botella','Aspecto: Brillante, de tono dorado viejo.\nAroma: Se aprecian las diferentes hierbas que forman parte de este vino.\nGusto: Las hierbas maceradas con el vino añejo ofrecen un exquisito gusto a muchos platos, ya sean asados o estofados de carnes, legumbres y pescados.\n','Vino para cocinar\nVariedades: Garnacha.                                                                                                  \nGraduación alcohólica: 15%.                                                                                                                                                                                                                                                                                                                                                                                                                                                                 ',NULL,'750 ml',6,NULL,150,NULL,'136.25242718447','MXN','140.34',NULL,'6','Mismo artículo',NULL,NULL,NULL,NULL,'45 días','CDMX ','2','no',26,1,'-'),(122,NULL,'VIÑA CHATEL COSECHA','Vino Tinto Kosher de la región del Penedès. Elaborado según los requisitos de la religión judía. Todo el proceso de cult','Vino fermentado y macerado a baja temperatura durante unos 20 días. A continuación, se embotella.','PC034M','gourmet','vinoslicores','-','-','-','-','premium','España',NULL,'botella','Aspecto: De color violeta oscuro.\nAroma: Intenso, que recuerda a frutos del bosque.\nGusto: En boca tiene cuerpo y concentración. En el paladar nos proporciona notas de frutas maduras.\n','D.O.Penedès\nVariedades: Tempranillo.                                                                                                  Temperatura de servicio: 18oC.\nGraduación alcohólica: 12%.                                                                                                                                                                                                                                                                                                                                                                                                                       ',NULL,'750 ml',6,NULL,150,NULL,'145.68115942029','MXN','150.78',NULL,'6','Mismo artículo',NULL,NULL,NULL,NULL,'45 días','CDMX ','2','no',26,1,'-'),(123,NULL,'VIÑA CHATEL CRIANZA','Vino Tinto Kosher del Penedès. Algunas de las condiciones requeridas para la calificación Kosher son que la viña debe co','Se fermenta lentamente en cubas de acero inoxidable, con una maceración sobre hollejos de unos 15 días y, posteriormente, permanece en barrica de roble durante unos 9 meses. Después, pasa más de 1 año en la botella a fin de suavizar al máximo los taninos.','PC035M','gourmet','vinoslicores','-','-','-','-','premium','España',NULL,'botella','Aspecto: De color granate y transparente, con tonos ocres.\nAroma:\nDestacan el aroma de roble y especias con intensidad. Si se agita la copa, aparecen aromas más vinosos, varietales de Tempranillo y frutas del bosque.\nGusto: De paladar suave con una crianza moderada. Tiene un buen equilibrio entre la barrica y el vino, que aun se mantiene fresco. Con notas a cedro y roble. En el retrogusto se detecta la presencia de taninos suavizados con el paso del tiempo.\n','D.O.Penedès\nVariedades: Tempranillo.                                                                                                  Temperatura de servicio: 18oC.\nGraduación alcohólica: 12.4%.                                                                                                                                                                                                                                                                                                                                                                                                                       ',NULL,'750 ml',6,NULL,150,NULL,'202.60487804878','MXN','207.67',NULL,'6','Mismo artículo',NULL,NULL,NULL,NULL,'45 días','CDMX ','2','no',26,1,'-'),(124,NULL,'MARRUGAT SEMI SECO','El Cava de Pinord se ofrece bajo la marca Marrugat, uno de los apellidos de la familia, con el que Bodegas Pinord recuer','Selección y elaboración de las distintas uvas por separado. Fermentación a baja temperatura para obtener los máximos aromas de la fruta. Posteriormente, se realiza la segunda fermentación en botella durante aproximadamente 12 meses.                             Excelente maridaje con: Crustáceos, Embutidos curados, Frutas ácidas, Frutas rojas, Jamón curado, Moluscos de concha, Pescado blanco, Pizza, Pollo a la plancha, Repostería.','PC036M','gourmet','vinoslicores','-','-','-','-','premium','España',NULL,'botella','Aspecto: Color amarillo pálido, con tonalidades verdosas.\nAroma: Destacan los aromas afrutados, manzana o pera que recuerdan al vino joven, con mucho frescor.\nGusto: El coupage de las tres variedades le da un agradable sabor, que con la adecuada cantidad de licor de expedición se transforma en un espléndido Cava.\n','D.O.Cava\nVariedades: Macabeo, Parellada, Xarel·lo.                                        Temperatura de servicio: 6oC.\nGraduación alcohólica: 11.5%.                                                                                                                                                                                                                                                                                                                                                                                                                       ',NULL,'750 ml',6,NULL,150,NULL,'162.49514563107','MXN','167.37',NULL,'6','Mismo artículo',NULL,NULL,NULL,NULL,'45 días','CDMX ','2','no',26,1,'-'),(125,NULL,'MARRUGAT BRUT','Las cavas de Marrugat se sitúan en Vilafranca del Penedès, formando parte del complejo de instalaciones de Bodegas Pinor','Se elaboran y se fermentan las 3 variedades por separado, se realiza el coupage y se hace la segunda fermentación en botella durante más de doce meses.                                             Excelente maridaje con: Crustáceos, Frutas ácidas, Frutas rojas, Jamón curado, Jamón dulce, Moluscos de concha, Pescado blanco, Pizza, Pollo a la plancha, Repostería.','PC037M','gourmet','vinoslicores','-','-','-','-','premium','España',NULL,'botella','Aspecto: Brillante, con un considerable desprendimiento de burbujas, de tamaño pequeño y mediano. Una buena cantidad de carbónico hace que se forme una espuma persistente en la copa durante largo tiempo. Su color es amarillo paja pálido.\nAroma: Intenso. Aromas terciarios de segunda fermentación se combinan con los aromas de primera fermentación y le dan un carácter propio.\nGusto: Es franco al paladar con gustos evolucionados en botella, de cuerpo suficiente. Suave y sedoso, su carbónico le mantiene fresco y vivo, manteniendo su persistencia en boca durante largo tiempo.\n','D.O.Cava\nVariedades: Macabeo, Parellada, Xarel·lo.                                        Temperatura de servicio: 6oC.\nGraduación alcohólica: 11.5%.                                                                                                                                                                                                                                                                                                                                                                                                                       ',NULL,'750 ml',6,NULL,150,NULL,'162.49514563107','MXN','167.37',NULL,'6','Mismo artículo',NULL,NULL,NULL,NULL,'45 días','CDMX ','2','no',26,1,'-'),(126,NULL,'DIBÓN SEMI SECO','Cava es una denominación de origen española de vinos espumosos elaborados por el método tradicional. En 1972, ante el co','Selección y elaboración de las distintas uvas por separado. Fermentación a baja temperatura para obtener los máximos aromas de la fruta. Posteriormente, se realiza la segunda fermentación en botella durante aproximadamente 12 meses.                               Excelente maridaje con: Crustáceos, Moluscos de concha, Pollo a la plancha.','PC071M','gourmet','vinoslicores','-','-','-','-','premium','España',NULL,'botella','Aspecto: Color amarillo pálido con tonalidades verdosas.\nAroma: Destacan los aromas afrutados, manzana o pera que recuerdan al vino joven, con mucho frescor.\nGusto: El coupage de las tres variedades le da un agradable sabor, que con la adecuada cantidad de licor de expedición se transforma en un espléndido Cava.\n','D.O.Cava\nVariedades: Macabeo, Parellada, Xarel·lo.                                        Temperatura de servicio: 6oC.\nGraduación alcohólica: 11.5%.                                                                                                                                                                                                                                                                                                                                                                                                                       ',NULL,'750 ml',6,NULL,150,NULL,'162.49514563107','MXN','167.37',NULL,'6','Mismo artículo',NULL,NULL,NULL,NULL,'45 días','CDMX ','2','no',26,1,'-'),(127,NULL,'MARRUGAT + NATURA','Cava Ecológico. Las variedades principales de uvas utilizadas en la preparación del cava son: Macabeo, que aporta dulzor','Cava elaborado con uvas procedentes de viñas de cultivo ecológico. Durante todo su proceso ha seguido la normativa del Consejo Catalán de la Producción Agraria Ecológica (CCPAE).\nSe elabora en base a 3 variedades tradicionales y ha pasado 16 meses de reposo en cava.                                                           Excelente maridaje con: Arroces de pescado, Arroces mixtos, Capón y Pularda, Codorniz y perdiz, Crustáceos, Embutidos curados, Frutos secos, Jamón curado, Marisco con salsa, Moluscos de concha, Pato, Pescado blanco, Pescados con salsa, Pollo a la plancha, Pollo asado al horno, Pollo en salsa, Repostería.        \n','PC039M','gourmet','vinoslicores','-','-','-','-','premium','España',NULL,'botella','Aspecto: De color amarillo pálido, limpio y brillante. Con un desprendimiento de carbónico homogéneo, se visualiza en la formación continuada de rosarios de pequeñas y finas burbujas que ascienden hasta la superficie de la corona.\nAroma: Frutales con buen hermanamiento entre el frescor de la fruta y las limpias notas de las variedades utilizadas en su elaboración, que combinan con las obtenidas en su crianza y que le proporcionan carácter, frescor y una agradable complejidad.\nGusto: En boca expresa una sensación fresca, ligera y agradable. Destaca el frescor de la fruta y sus caracteres más varietales. Su buen bouquet se acentúa con las pequeñas burbujas en su paso por la boca. Es equilibrado y persistente.\n','D.O.Cava\nVariedades: Macabeo, Parellada, Xarel·lo.                                        Temperatura de servicio: 6oC.\nGraduación alcohólica: 11.5%.                                                                                                                                                                                                                                                                                                                                                                                                                                                      Certificaciones:  Agricultura Ecológica. Bio nach EG-Öko-Verodnung.\n Consell Catallà de la Producciò Agrària Ecològica.\nPremios:\n2010. Estrella de Plata. VI Concurso Nacional de Vinos elaborados con Uvas de agricultura ecológica Ciudad Estella-Lizarra Hiria.\n2010. Cava de Plata. Erhielt beim internationalen bioweinpreis die Auszeichnung.\n2006. Estrella de Plata. III Concurso Nacional de Vinos elaborados con Uvas de agricultura ecológica Ciudad Estella-Lizarra Hiria.\n',NULL,'750 ml',6,NULL,150,NULL,'296.9756097561','MXN','304.4',NULL,'6','Mismo artículo',NULL,NULL,NULL,NULL,'45 días','CDMX ','2','no',26,1,'-'),(128,NULL,'RIMA 32','En la elaboración de un cava por el método tradicional, se empieza con el tiraje, es decir, el embotellamiento del vino ','Cava elaborado con vino seleccionado de las uvas Chardonnay y Pinot Noir. Se ha fermentado a baja temperatura para mantener y potenciar los propios aromas de las uvas. Posteriormente se realiza la segunda fermentación en botella durante unos 24 meses.                                                                Excelente maridaje con: Capón y Pularda, Codorniz y perdiz, Frutos secos, Pato, Pollo asado al horno, Pollo en salsa, Repostería.','PC040M','gourmet','vinoslicores','-','-','-','-','premium','España',NULL,'botella','Aspecto: De color amarillo, con ligeros tonos grisáceos. Brillante con un suave desprendimiento de pequeñas burbujas que al final forman una corona compacta.\nAroma: Muy complejo, potente e intenso. Recuerda a las frutas como manzana o albaricoque, también a frutas tropicales de gran finura. Van apareciendo también aromas terciarios de la crianza, aun poco desarrollados y que se incrementan con el tiempo.\nGusto: Espléndida explosión de carbónico en boca. De frescor agradable, goza de mucho cuerpo y persistencia lo que le convierte en un Cava de gran personalidad.\n','D.O.Cava\nVariedades: Chardonnay, Pinot Noir.                                    Temperatura de servicio: 6oC.\nGraduación alcohólica: 11.5%.                                                                                                                                                                                                                                                                                                                                                                                                                                                      \nPremios:\n 2010, abril. Wine Advocate #188. Puntaje: 90.\n',NULL,'750 ml',6,NULL,150,NULL,'525.27450980392','MXN','535.78',NULL,'6','Mismo artículo',NULL,NULL,NULL,NULL,'45 días','CDMX ','2','no',26,1,'-'),(129,NULL,'PUNTO Y COMA','Vino Tinto de Calatayud, cuya zona de producción se sitúa en la parte occidental de la provincia de Zaragoza. La primera','Vino de cepas de más de 40 años cultivadas en terruño de pizarra y cascajo. Vendimia manual, preseleccionando la uva en campo y en bodega. Maceración en frío y fermentación en tanques de acero inoxidable a temperatura controlada (entre 25oC y 28oC). Descube a los 20 días y 4 meses de crianza en barrica de roble francés.                                                  Maridaje: Apto para una gran gama de posibilidades culinarias, acompañará curados, estofados, caza y carnes en general.','PC041M','gourmet','vinoslicores','-','-','-','-','premium','España',NULL,'botella','Aspecto: Color rojo cereza-violáceo de capa alta. Brillante.\nAroma: Intenso. Fruta madura, cacaos, balsámico, fresa confitada y ciruela seca. Complejo y mineral.\nGusto: Con cuerpo, muy sabroso y algo abocado. Regaliz y clavo. Equilibrado y largo. Agradable con buen recuerdo retronasal.\n','D.O.Calatayud\nVariedades: Garnacha Tinta.                                                                                                  Temperatura de servicio: 18oC.\nGraduación alcohólica: 14%.                                                     Premios:\n 2015. Medalla de Plata. 2013 Grenaches du Monde. Perpiñan, Francia.\n2015. Medalla de Oro. 2011 Mundus Vini. Alemania.\n2013. Medalla de Plata. 2011 International Wine Guide.\n2013. Medalla de Plata. 2011 International Challenge The Best Spanish Wines for the USA.\n2013. Medalla de Plata. 2011 Daejeon Wine Trophy.\n2013. Medalla de Plata. 2010 Grenaches du Monde. Perpiñan, Francia.\n2009. Wine Advocate. Puntaje: 90.\n\n\n                                                                                                                                                                                                                                                                                                                                                                                                         ',NULL,'750 ml',6,NULL,150,NULL,'214.29411764706','MXN','218.58',NULL,'6','Mismo artículo',NULL,NULL,NULL,NULL,'45 días','CDMX ','2','no',26,1,'-'),(138,10,'Omma Angel','figura angelical en una muñeca hermosa,perfecta para regalar en primeras comuniones y bautizos o decoracion perfecta par','Muñeca cuerpo de trapo, vestido con encaje y accesorio.  Cara pintada a mano, pelo de estambre y alas con plumas naturales                          El pelo puede venir en diferentes colores','GMOA001','juguetes,boutique','ninajuguete,hogar','-','-','-','-','premium','mexico',NULL,'bolsa','toda la muñeca es realizada a mano, los detalles del vestuario y accesorios se pueden personalizar,se puede elegir el color del pelo y del vestuario','no se pueden replicar ya que son muñecas hechas a mano y los materiales y detalles pueden variar , lo que las hace únicas','30 cm x 12 cm diametro cabeza x 16cm c/ alas','250g',20,NULL,NULL,20,'270','MXN','370','350','20','Un solo modelo   o                                   Surtido por modelo    ','30','45','30','5','30','Bodega TT','45','si',29,1,'-'),(139,10,'Graduada','graciosa muñeca vestida con toga y birrete,perfecto regalo para graduacion','Muñeca cuerpo de trapo, vestida con Toga y Birrete.  Cara pintada a mano, pelo de sintetico  ','GMGR001','juguetes,boutique','ninajuguete,hogar','-','-','-','-','premium','mexico',NULL,'bolsa','toda la muñeca es realizada a mano, la Toga y color de ojos se pueden personalizar,se puede elegir el color del pelo y del vestuario','no se pueden replicar ya que son muñecas hechas a mano y los materiales y detalles pueden variar , lo que las hace únicas','30 cm x 12 cm diametro cabeza x 12cm','250g',20,NULL,NULL,20,'270','MXN','370','350','20','Un solo modelo   o                                   Surtido por modelo    ','30','45','30','5','30','Bodega TT','45','si',29,1,'-'),(140,9,'Colegiala','Muñeca vestible con cualquier uniforme escolar, puede ser representativa de cualquier escuela, perfecto regalo para una ','Muñeca cuerpo de trapo, vestida con uniforme escolar.  Cara pintada a mano, pelo de sintetico  ','GMOC001','juguetes,boutique','ninajuguete,hogar','-','-','-','-','premium','mexico',NULL,'bolsa','toda la muñeca es realizada a mano, el vestuario y accesorios van de acuerdo al uniforme escolar de que se trate ,se puede elegir el color del pelo  ','no se pueden replicar ya que son muñecas hechas a mano y los materiales y detalles pueden variar , lo que las hace únicas','30 cm x 12 cm diametro cabeza x 12cm','250g',20,NULL,NULL,20,'270','MXN','370','350','20','Un solo modelo   o                                   Surtido por modelo    ','30','45','30','5','30','Bodega TT','45','si',29,1,'-'),(141,9,'personaje','Muñeca que representa a una gran pintora mexicana,una obra de arte en si','Muñeca de trapo vestida como personaje,cara pintada a mano y pelo sintetico','GMPJ001','juguetes,boutique','ninajuguete,hogar','-','-','-','-','premium','mexico',NULL,'bolsa','toda la muñeca es realizada a mano, el vestuario y accesorios van de acuerdo al personaje ,se puede elegir el color del pelo  ','no se pueden replicar ya que son muñecas hechas a mano y los materiales y detalles pueden variar , lo que las hace únicas','30 cm x 12 cm diametro cabeza x 12cm','250g',20,NULL,NULL,20,'270','MXN','370','350','20','Un solo modelo   o                                   Surtido por modelo    ','30','45','30','5','30','Bodega TT','45','si',29,1,'-'),(142,9,'Taza Elia','Siempre es un buen momento para tomar una tacita de café. ','Taza hecha de barro, puede contener hasta 5 oz ','TZE-001','hogar,boutique,promocional                                  ','cocina,esencialespromo',NULL,NULL,NULL,NULL,'premium','mexico','azul marino, azul claro, verde, blanco, gris, rosa.','caja','Hecho de manera artesanal, pintado y detallado a mano. Todas las piezas son únicas. ','De preferencia no utilizarse en microondas. ','9x9 cm',NULL,12,'',10,60,'90','MXN','150','115','12','por modelo','30','20','20','0.36','10 x semana','BodegaTT','50','si',30,1,'-'),(143,9,'Mezcaleros Olivia','Vasijitas para la felicidad y un charquito de mezcal. ','Juego de 6 mezcaleritos, en diferentes colores. Hecho en barro oaxaqueño.','MZO-002','hogar,boutique,promocional                                  ','cocina,esencialespromo',NULL,NULL,NULL,NULL,'premium','mexico','azul marino, azul claro, verde, blanco, gris, rosa.','caja','Hechos de manera artesanal, pintado y detallado a mano. Todas las piezas son únicas. ','Puede contener hasta 1.5 oz. Los colores pueden variar de tonalidad dependiendo de la producción, y el procedimiento de la quema.','6x5 cm',NULL,12,'',6,60,'410','MXN','490','445','12','por modelo','30','20','20','0.4','10x semana','BodegaTT','50','si',30,1,'-'),(144,6,'Florero Oaxaca',' Con ó sin flores, lucirá siempre impecable. ','Florero, puede contener líqudos. Hecho en barro oaxaqueño ','FLO-003','hogar,boutique                                          ','hogar',NULL,NULL,NULL,NULL,'premium','mexico','azul marino, azul claro, verde, blanco, gris, rosa.','caja','Hecho de manera artesanal,  pintado y detallado  a mano. Todas las piezas son únicas. ','Puede contener liquido sin que este se filtre. De preferencia llenarlo de agua unicamente a la mitad.','23x 18 cm',NULL,12,'',10,60,'250','MXN','380','300','8','por modelo','25 cm','25 cm','25 cm','0.5','10xsemana','BodegaTT','50','si',30,1,'-'),(145,8,'Platitos Saleros','¡Llena tu cocina de color! ','Platitos botaneros, serán perfectos para la sal y el limón. Hecho en barro oaxaqueño ','PTS-004','hogar,boutique,promocional                                  ','esencialespromo,hogar',NULL,NULL,NULL,NULL,'premium','mexico','azul marino, azul claro, verde, blanco, gris, rosa.','caja','Hechos de manera artesanal,  pintado y detallado  a mano. Todas las piezas son únicas. ','De preferencia no utilizarse en microondas ni a fuego directo. ','11 cm ',NULL,12,'',1,60,'380','MXN','450','400','12','por modelo','10cm','10 cm','10 cm','0.4','10xsemana','BodegaTT','50','si',30,1,'-'),(146,7,'Anillo Orus','Anillo que mezcla los elementos de la tierra','Anillo de la colección de Koyi Amada, donde resalta piedras naturales con detalle','TT0001','accesoriosmoda','mujer',NULL,NULL,NULL,NULL,'premium','Turquia','','caja decorada','elaborado en plata con chapa de oro de 14k, piedras naturales (geodas)','la chapa de oro es sensible a los acidos, al perfume','3cmx2cmx3cm',NULL,24,'',380,380,'330','MXN','420','410','6','variedad','12','8','14','0.84','15','Cliente en area metropolitana','4','si',31,1,'-'),(147,4,'Bocina Bluetooth','Sonoriza los espacios en comun','Bocina inalambrica con tecnologia de punta','TT0032','electronica','audiovideo',NULL,NULL,NULL,NULL,'regular','China','amarillo,negro,azul,rojo,verde,morado,rosa','caja blanca','se puede conectar wireless con cualquier dispositivo que tenga bluetooth.Portatil y facil de llevar','sonido de alta calidad,trae cable de audio para poderse conectar a cualquier dispositivo movil o MP3. La funcion de bluetooth le permite utilizarse llamado manos libres con ajuste a comando de voz','30cm x 12cm ',NULL,1000,'',720,3000,'8.8','USD','10','9.10','8','Un solo tipo   ','20','26','28','1.28','90','Bodega TT','3','si',31,1,'-'),(149,9,'Arena Kinetica','excelente para estimular la creatividad','arena moldeable y lista para ser moldeada como tu lo desees','TT0002','juguetes','ninojuguete','-','-','-','-','regular','China','azu,gris,café,verde','bolsa ziplock c copete','arena higroscópica que permite se aglomere con facilidad,manteniendo la forma adquirida','arena con gran capacidad de adsorber agua por lo que debe mantenerse en lugar seco y cerrada en su bolsa','12cmx12cmx2cm','200g',2000,'1año',NULL,NULL,'18','MXN','35',NULL,'24','surtido colores','30','36','48','4.8','90','Bodega TT','8','si',31,1,'-'),(150,3,'Tank','La tendencia del Millenial','Tank top con diseños diferentes 100% algodón Slim Fit','TT0024','textil','caballero','-','-','-','-','economica','China','rojo,amarillo,verde,negro,gris','bolsa sellada','elaborado con algodón 100 %,costuras y remates con hilo de algodón 100%','teñido del algodón en colores que pueden tener diferencia entre tirajes','CH,MED,GDE','160g',5000,NULL,12000,NULL,'28','MXN','35',NULL,'12','por color y talla','40','46','58','2','1000 x semana','Cliente en area metropolitana','4','si',31,1,'-'),(151,9,'Nuevo producto','Nuevo producto','','TT0005','nuevo','novedad',NULL,NULL,NULL,NULL,'premium','Alemania','azul, amarillo','Caja','','','',NULL,0,'',0,0,'','','','','','','','','','','','','','',31,1,'-'),(152,10,'Ejemplo','Este ejemplo me encanta','me encanta encanta me encanta encanta me encanta encanta me encanta encanta me encanta encanta me encanta encanta me encanta encanta me encanta encanta me encanta encanta','Y098761','juguetes','niños',NULL,NULL,NULL,NULL,'boutique','España','negro,rojo,azul,verde','blister','ejemplo','ejemplo','ejemplo',NULL,0,'',0,0,'','','','','','','','','','','','','','',31,1,'-'),(164,9,'Audifonos','Sound Magic E10S','The SoundMagic E10S in-ears have been winning Awards for the last four years, with annual tweaks - and no change in the price - helping to ensure they keep their top spot in the budget in-ear category. The changes to the 2015 model are purely cosmetic and ergonomic.','neu001','tegnologia','electronica','-','-','-','-','premium','china','rojo, negro, dorado, morado','caja con estuche de piel y gomas de repuesto','alta calidad en audio, cable reforzado, compatible con todos los telefonos moviles.','Driver: Dynamic 10mm Neodymium Driver, posicion A Sony t boton en posicion B el resto de las marcas','120 x 1 x 2 cm','18 g',50,'18-12-2018',2147483647,666,'59.27','USD','55','60','1','carton reciclado','15','10','5','118g','1 mes','mexico','5 semanas','si',42,1,'Extranjero'),(165,9,'Audifonos Ejemplo','Sound Magic E10S','The SoundMagic E10S in-ears have been winning Awards for the last four years, with annual tweaks - and no change in the price - helping to ensure they keep their top spot in the budget in-ear category. The changes to the 2015 model are purely cosmetic and ergonomic.','neu002','tegnologia','electronica','-','-','-','-','premium','china','rojo, negro, dorado, morado','caja con estuche de piel y gomas de repuesto','alta calidad en audio, cable reforzado, compatible con todos los telefonos moviles.','Driver: Dynamic 10mm Neodymium Driver, posicion A Sony t boton en posicion B el resto de las marcas','120 x 1 x 2 cm','18 g',50,NULL,2147483647,666,'59.27','USD','55','60','1','carton reciclado','15','10','5','118g','1 mes','mexico','5 semanas','si',43,1,NULL);
/*!40000 ALTER TABLE `product` ENABLE KEYS */;
UNLOCK TABLES;

--
-- Table structure for table `productColor`
--

DROP TABLE IF EXISTS `productColor`;
/*!40101 SET @saved_cs_client     = @@character_set_client */;
/*!40101 SET character_set_client = utf8 */;
CREATE TABLE `productColor` (
  `idProductColor` int(11) NOT NULL AUTO_INCREMENT,
  `hex` varchar(45) DEFAULT NULL,
  `product_idProduct` int(11) NOT NULL,
  PRIMARY KEY (`idProductColor`),
  KEY `fk_productColor_product1_idx` (`product_idProduct`),
  CONSTRAINT `fk_productColor_product1` FOREIGN KEY (`product_idProduct`) REFERENCES `productold` (`idProduct`) ON DELETE CASCADE ON UPDATE CASCADE
) ENGINE=InnoDB AUTO_INCREMENT=306 DEFAULT CHARSET=latin1;
/*!40101 SET character_set_client = @saved_cs_client */;

--
-- Dumping data for table `productColor`
--

LOCK TABLES `productColor` WRITE;
/*!40000 ALTER TABLE `productColor` DISABLE KEYS */;
INSERT INTO `productColor` VALUES (2,'ff2000',2),(15,'f52394',6),(16,'0062c6',6),(17,'00b2d4',6),(18,'ffcf00',6),(23,'ff9f9c',10),(24,'00b2d4',10),(25,'ff7c00',10),(26,'f52394',10),(27,'fffa00',10),(28,'8c20ba',10),(29,'90e200',11),(30,'ff9f9c',11),(31,'ff7c00',11),(32,'ff9f9c',11),(33,'fffa00',12),(34,'ffffff',12),(35,'ff9f9c',12),(36,'ff7c00',12),(37,'ff7c00',12),(38,'ff2000',13),(39,'fffa00',13),(40,'ff9f9c',13),(41,'00ab00',13),(42,'f52394',13),(43,'00b2d4',13),(44,'ff2000',14),(45,'ff2000',14),(46,'ff2000',14),(47,'fffa00',14),(48,'fffa00',14),(49,'ff9f9c',14),(50,'f52394',15),(51,'ffffff',15),(52,'ffffff',15),(53,'90e200',15),(54,'8c20ba',16),(55,'8c20ba',16),(56,'8c20ba',16),(57,'ff9f9c',16),(58,'ffffff',16),(59,'00b2d4',16),(60,'ff7c00',16),(61,'ffffff',18),(62,'ff9f9c',18),(63,'0062c6',18),(64,'90e200',18),(65,'8c20ba',18),(66,'8c20ba',18),(67,'ff9f9c',20),(68,'0062c6',20),(69,'00b2d4',20),(70,'90e200',20),(71,'7c7c7c',20),(72,'7c7c7c',20),(73,'000000',20),(74,'ff7c00',20),(75,'f52394',20),(76,'ff9f9c',20),(77,'a24615',20),(78,'000000',20),(79,'fffa00',20),(80,'ff9f9c',21),(81,'fffa00',21),(82,'8c20ba',21),(83,'0062c6',21),(84,'90e200',22),(85,'ff9f9c',22),(86,'ff9f9c',22),(87,'a24615',22),(88,'ffffff',22),(89,'ff7c00',22),(90,'ff7c00',22),(91,'ff7c00',22),(92,'ff7c00',22),(93,'ff7c00',22),(94,'ff9f9c',22),(95,'ff9f9c',22),(96,'ff9f9c',22),(97,'ff9f9c',23),(98,'ff9f9c',23),(99,'ff7c00',23),(100,'ff9f9c',23),(101,'ff9f9c',23),(102,'ff2000',24),(103,'ff2000',24),(104,'ff2000',24),(105,'ffffff',24),(106,'ff7c00',24),(107,'ff7c00',24),(108,'ff9f9c',24),(109,'ff9f9c',24),(110,'ff9f9c',24),(111,'000000',24),(112,'0062c6',24),(113,'0062c6',24),(114,'0062c6',24),(115,'f52394',24),(116,'fffa00',24),(117,'8c20ba',24),(118,'ff2000',25),(119,'ff7c00',25),(120,'0062c6',25),(121,'8c20ba',25),(122,'fffa00',25),(123,'000000',25),(124,'000000',25),(125,'0062c6',26),(126,'90e200',27),(127,'ff2000',27),(128,'ff7c00',27),(129,'ff9f9c',27),(130,'0062c6',27),(131,'000000',27),(132,'ffffff',27),(133,'8c20ba',27),(134,'ff2000',28),(135,'8c20ba',28),(136,'7c7c7c',28),(137,'000000',28),(138,'00b2d4',28),(139,'a24615',28),(140,'ff7c00',28),(141,'fffa00',29),(142,'ff7c00',29),(143,'00b2d4',29),(144,'90e200',29),(145,'ff2000',30),(146,'a24615',31),(147,'ffcf00',31),(148,'ff2000',32),(149,'a24615',32),(150,'f52394',32),(151,'ffffff',32),(152,'000000',32),(153,'0062c6',32),(154,'ff7c00',32),(155,'ff7c00',33),(156,'ff7c00',33),(157,'ffffff',33),(158,'000000',33),(159,'ff2000',33),(160,'a24615',33),(161,'ff7c00',33),(162,'f52394',33),(163,'0062c6',33),(164,'0062c6',33),(165,'0062c6',33),(166,'0062c6',33),(167,'0062c6',33),(168,'0062c6',34),(169,'ff2000',34),(170,'000000',34),(171,'a24615',34),(172,'ffffff',35),(173,'000000',35),(174,'8c20ba',35),(175,'ff2000',35),(176,'a24615',35),(177,'a24615',35),(178,'00b2d4',35),(179,'a24615',35),(180,'0062c6',36),(181,'ffffff',36),(182,'f52394',36),(183,'f52394',36),(184,'8c20ba',36),(185,'000000',36),(186,'000000',36),(187,'000000',36),(188,'ff2000',36),(189,'a24615',36),(190,'ffffff',37),(191,'000000',37),(192,'00b2d4',37),(193,'ff2000',37),(194,'a24615',37),(195,'f52394',37),(196,'00b2d4',38),(197,'ffffff',38),(198,'000000',38),(199,'ff2000',38),(200,'8c20ba',38),(201,'a24615',38),(202,'a24615',38),(203,'a24615',38),(204,'000000',39),(205,'0062c6',39),(206,'ff2000',39),(207,'8c20ba',39),(208,'0062c6',40),(209,'ff7c00',40),(210,'000000',40),(211,'f52394',40),(224,'00b2d4',42),(225,'00ab00',42),(226,'ff9f9c',42),(227,'ff9f9c',42),(228,'ff9f9c',42),(229,'fffa00',43),(230,'8c20ba',43),(231,'90e200',43),(232,'ff9f9c',43),(233,'a24615',43),(234,'ff2000',43),(235,'0062c6',43),(236,'0062c6',43),(237,'f52394',43),(238,'f52394',43),(239,'f52394',43),(240,'000000',43),(241,'000000',43),(242,'000000',43),(243,'000000',43),(244,'ffffff',44),(245,'7c7c7c',44),(246,'7c7c7c',44),(247,'000000',44),(248,'00b2d4',44),(249,'ff9f9c',44),(250,'ff9f9c',44),(251,'ff9f9c',44),(252,'00ab00',44),(253,'00ab00',44),(254,'00ab00',44),(261,'0062c6',46),(262,'ff2000',47),(263,'0062c6',47),(264,'00ab00',47),(265,'8c20ba',47),(266,'00ab00',48),(267,'0062c6',48),(268,'ff2000',48),(269,'000000',48),(270,'7c7c7c',49),(271,'ffffff',50),(272,'f52394',51),(273,'8c20ba',51),(274,'ffcf00',51),(275,'0062c6',51),(276,'fffa00',52),(277,'ffcf00',52),(278,'fffa00',52),(279,'ffcf00',53),(280,'90e200',54),(281,'ff9f9c',54),(282,'00b2d4',54),(283,'8c20ba',54),(284,'ffffff',54),(285,'ff7c00',54),(286,'ff7c00',54),(287,'ff7c00',54),(288,'ffffff',55),(289,'ffffff',56),(290,'7c7c7c',56),(291,'000000',56),(295,'ffffff',58),(296,'ffffff',59),(303,'fffa00',63),(304,'ffffff',65),(305,'000000',65);
/*!40000 ALTER TABLE `productColor` ENABLE KEYS */;
UNLOCK TABLES;

--
-- Table structure for table `product_has_image`
--

DROP TABLE IF EXISTS `product_has_image`;
/*!40101 SET @saved_cs_client     = @@character_set_client */;
/*!40101 SET character_set_client = utf8 */;
CREATE TABLE `product_has_image` (
  `product_idProduct` int(11) NOT NULL,
  `image_idImage` int(11) NOT NULL,
  PRIMARY KEY (`product_idProduct`,`image_idImage`),
  KEY `fk_product_has_image1_image1_idx` (`image_idImage`),
  KEY `fk_product_has_image1_product1_idx` (`product_idProduct`),
  CONSTRAINT `fk_product_has_image1_image1` FOREIGN KEY (`image_idImage`) REFERENCES `image` (`idImage`) ON DELETE CASCADE ON UPDATE CASCADE,
  CONSTRAINT `fk_product_has_image1_product1` FOREIGN KEY (`product_idProduct`) REFERENCES `productold` (`idProduct`) ON DELETE CASCADE ON UPDATE CASCADE
) ENGINE=InnoDB DEFAULT CHARSET=latin1;
/*!40101 SET character_set_client = @saved_cs_client */;

--
-- Dumping data for table `product_has_image`
--

LOCK TABLES `product_has_image` WRITE;
/*!40000 ALTER TABLE `product_has_image` DISABLE KEYS */;
INSERT INTO `product_has_image` VALUES (1,1),(2,2),(3,3),(4,4),(4,5),(4,6),(4,7),(4,8),(4,9),(5,10),(5,11),(7,12),(7,13),(8,14),(8,15),(9,16),(9,17),(9,18),(10,19),(10,20),(10,21),(11,22),(11,23),(12,24),(12,25),(12,26),(12,27),(13,28),(13,29),(14,30),(14,31),(15,32),(15,33),(15,34),(15,35),(15,36),(16,37),(16,38),(16,39),(17,40),(17,41),(18,42),(18,43),(18,44),(20,45),(20,46),(20,47),(21,48),(21,49),(21,50),(22,51),(22,52),(22,53),(23,54),(23,55),(24,56),(24,57),(25,58),(25,59),(25,60),(26,61),(27,62),(27,63),(27,64),(28,65),(28,66),(29,67),(29,68),(29,69),(30,70),(30,71),(30,72),(30,73),(31,74),(31,75),(31,76),(33,77),(33,78),(33,79),(33,80),(34,81),(34,82),(34,83),(34,84),(35,85),(35,86),(35,87),(35,88),(36,89),(36,90),(36,91),(36,92),(37,93),(37,94),(37,95),(37,96),(38,97),(38,98),(38,99),(38,100),(39,101),(39,102),(39,103),(39,104),(40,105),(40,106),(40,107),(40,108),(41,109),(41,110),(41,111),(42,112),(42,113),(43,114),(43,115),(43,116),(44,117),(44,118),(45,119),(45,120),(45,121),(46,123),(47,124),(47,125),(48,126),(48,127),(49,128),(50,129),(51,130),(51,131),(51,132),(52,133),(53,134),(53,135),(54,136),(54,137),(55,138),(63,139),(64,140),(65,141),(66,142),(68,143),(68,144),(68,145),(69,146),(69,147),(69,148),(70,149),(70,150),(71,151),(71,152),(61,153),(41,154),(57,155);
/*!40000 ALTER TABLE `product_has_image` ENABLE KEYS */;
UNLOCK TABLES;

--
-- Table structure for table `productold`
--

DROP TABLE IF EXISTS `productold`;
/*!40101 SET @saved_cs_client     = @@character_set_client */;
/*!40101 SET character_set_client = utf8 */;
CREATE TABLE `productold` (
  `idProduct` int(11) NOT NULL AUTO_INCREMENT,
  `item` varchar(50) NOT NULL DEFAULT '0',
  `name` varchar(255) NOT NULL,
  `description` varchar(255) NOT NULL,
  `categoryA` varchar(255) NOT NULL,
  `quality` varchar(255) NOT NULL,
  `price` varchar(255) DEFAULT NULL,
  `currency` varchar(45) DEFAULT NULL,
  `minQuantity` int(11) DEFAULT NULL,
  `presentation` varchar(255) NOT NULL,
  `specs` varchar(255) DEFAULT NULL,
  `dimensions` varchar(255) DEFAULT NULL,
  `quantity` int(11) DEFAULT NULL,
  `visits` int(11) DEFAULT NULL,
  `access` int(11) DEFAULT NULL,
  `status` int(11) DEFAULT NULL,
  `user_idUser` int(11) NOT NULL,
  `idea_idIdea` int(11) DEFAULT NULL,
  `timestamp` timestamp NOT NULL DEFAULT CURRENT_TIMESTAMP ON UPDATE CURRENT_TIMESTAMP,
  `ranking` int(11) DEFAULT NULL,
  `sku` int(11) NOT NULL,
  `categoryB` varchar(255) DEFAULT NULL,
  `categoryC` varchar(255) DEFAULT NULL,
  `origin` varchar(255) NOT NULL,
  `weight` int(11) NOT NULL,
  `inventoryQuantity` int(11) NOT NULL,
  `sellByDate` varchar(255) NOT NULL,
  `specsMCS` varchar(255) NOT NULL,
  `supplier_idSupplier` int(11) unsigned NOT NULL,
  PRIMARY KEY (`idProduct`),
  KEY `fk_product_user1_idx` (`user_idUser`),
  KEY `fk_product_idea1_idx` (`idea_idIdea`),
  CONSTRAINT `fk_product_idea1` FOREIGN KEY (`idea_idIdea`) REFERENCES `idea` (`idIdea`) ON DELETE CASCADE ON UPDATE CASCADE,
  CONSTRAINT `fk_product_user1` FOREIGN KEY (`user_idUser`) REFERENCES `user` (`idUser`) ON DELETE CASCADE ON UPDATE CASCADE
) ENGINE=InnoDB AUTO_INCREMENT=87 DEFAULT CHARSET=latin1;
/*!40101 SET character_set_client = @saved_cs_client */;

--
-- Dumping data for table `productold`
--

LOCK TABLES `productold` WRITE;
/*!40000 ALTER TABLE `productold` DISABLE KEYS */;
INSERT INTO `productold` VALUES (1,'0','Producto usuario','la descripociondel producto','juguetes','premium',NULL,NULL,NULL,'tag','es muyaax','2x2x2',1000,NULL,1,1,4,NULL,'2016-01-21 18:52:43',NULL,0,NULL,NULL,'',0,0,'','',0),(2,'0','Publico en pesos','pesosossoso','juguetes','premium','85','MXN',200,'blister','asasaas','2x2x2',1000,26,0,0,1,NULL,'2016-02-03 17:31:03',NULL,0,NULL,NULL,'',0,0,'','',0),(3,'0','Publico dolares','addadadda','juguetes','regular','87','USD',965,'carton','weded','81x85x74',1000,19,0,0,1,NULL,'2016-02-03 17:31:05',NULL,0,NULL,NULL,'',0,0,'','',0),(4,'0','Bolsa Reusable (Non Woven Tote)','Eco-friendly reusable tote bag. Features a large main compartment perfect for grocery shopping or trade shows. Includes re-enforced 22\" shoulder straps. Made from 80 gsm ','promocionales','economic','1.25','USD',2,'granel','Individual Item Packaging: Bulk Packed\r\nCase Packaging: 200\r\nCase/Shipping Weight\r\n25 lbs\r\nCase Dimensions: 17\" x 16\" x 15\"\r\n\r\nImprint Method\r\nSilkscreen	9\" x 9\"	1 color, 1 position imprint	$0.40\r\nThermaPrintâ„¢	8\" x 8\"	4 color process, 1 location	N.A\r\nIn','15 1/2',1000,65,0,0,1,NULL,'2016-04-12 17:10:06',NULL,0,NULL,NULL,'',0,0,'','',0),(5,'0','muÃ±ecas de manta con cabello artificial','muÃ±ecas hechas a mano,realizadas en manta,con diferentes modelos','juguetes','premium','350.00','MXN',10,'carton','Estan vestidas con ropa actual,llevan todas sombrero o gorro del cual se aÃ±ade el pelo de fibra artificial\r\nLas caras estan pintadas a mano\r\nllevan accesorios en el cuello o en las manos y en la ropa','35cmx 15cmx12cm',1000,10,1,0,1,NULL,'2016-02-09 16:07:54',NULL,0,NULL,NULL,'',0,0,'','',0),(6,'0','MuÃ±eca Giggy','MuÃ±eca en caja con diferentes diseÃ±os, de buena calidad. Producto ya probado en el mercado','saldos','economic','15.40','MXN',0,'carton','Caja Maestra- 48 piezas\r\nEntrega Inmediata\r\nCaja con Ventana','',1000,8,0,0,1,NULL,'2016-02-09 18:42:15',NULL,0,NULL,NULL,'',0,0,'','',0),(7,'0','Stickes Figuras','Linea de Stickers Decor para pared con diferentes diseÃ±os','saldos','economic','13.50','MXN',0,'copete','Caja Maestra: 500\r\nEmpaque: 50\r\n\r\nProducto probado en el mercado','',20000,9,0,0,1,NULL,'2016-02-10 21:07:44',NULL,0,NULL,NULL,'',0,0,'','',0),(8,'0','Peluche de corazones','Coleccion padre','peluches','premium',NULL,NULL,NULL,'tag','Caja Maaestra: 20','10cm x 20cm',20000,NULL,1,1,5,NULL,'2016-02-05 00:01:28',NULL,0,NULL,NULL,'',0,0,'','',0),(9,'0','Lentes de Madera','lentes de bambuuuu','mujer','economic',NULL,NULL,NULL,'tag','','',1000,NULL,1,1,5,NULL,'2016-02-06 03:36:47',NULL,0,NULL,NULL,'',0,0,'','',0),(10,'0','Bolsa de peluche','Bolsa de peluche tipo  cartera con bolsa externa','saldos','economic','','MXN',0,'granel','Surtida en bolsa de 12 piezas',' 14cm x 10cm',1000,7,0,0,1,NULL,'2016-04-12 17:09:43',NULL,0,NULL,NULL,'',0,0,'','',0),(11,'0','Esponja de microfibra','Esponja de microfibra multiusos ','saldos','economic','','MXN',0,'granel','Empaque de 50 piezas con 2 colores','14cm x 8cm',1000,2,0,0,1,NULL,'2016-02-09 17:12:12',NULL,0,NULL,NULL,'',0,0,'','',0),(12,'0','Peluche parejas ','Peluche parejas tres modelos diferentes osos pollos y cochinitos','saldos','economic','','MXN',0,'granel','Empaques de 51 piezas','8cm alto',1000,NULL,0,0,1,NULL,'2016-02-08 19:45:31',NULL,0,NULL,NULL,'',0,0,'','',0),(13,'0','Bolsa de peluche','Bolsa de peluche figura de flor con patitas','saldos','economic','','MXN',0,'granel','empaque de 50 piezas surtidas','13cm de alto',1000,3,0,0,1,NULL,'2016-02-10 21:09:29',NULL,0,NULL,NULL,'',0,0,'','',0),(14,'0','Corazon de peluche','Corazon de peluche ','mascota','economic','','MXN',0,'granel','Bolsa de 80 piezas con un solo color','18cm x 22cm',1000,NULL,0,0,1,NULL,'2016-02-08 20:08:52',NULL,0,NULL,NULL,'',0,0,'','',0),(15,'0','Set de pestaÃ±as y uÃ±as','Set de pestaÃ±as y uÃ±as para niÃ±a con diferente decorado de uÃ±as','saldos','economic','','MXN',0,'carton','Bolsa con 12 piezas','11.5cm x 19cm',1000,NULL,0,0,1,NULL,'2016-02-08 20:19:10',NULL,0,NULL,NULL,'',0,0,'','',0),(16,'0','Muneca caballo','muÃ±eca caballo ','saldos','economic','','MXN',0,'carton','Empaque de 50 pieazas surtidas','7.5cm x 26cm',1000,NULL,0,0,1,NULL,'2016-02-08 21:50:22',NULL,0,NULL,NULL,'',0,0,'','',0),(17,'0','Calcomania 3D panoramica','calcomanias para armar una escena, motivos florales,animales, infantiles y paisaje','saldos','economic','','MXN',0,'copete','viene en empaque de 50 piezas con los 8 modelos surtidos','32cmx62cm',1000,1,0,0,1,NULL,'2016-02-09 17:10:17',NULL,0,NULL,NULL,'',0,0,'','',0),(18,'0','MuÃ±eca galactica','MuÃ±eca pasarela galactica','saldos','economic','','MXN',0,'carton','Empaque de 48 piezas surtidas','7.5cm x 26cm',1000,NULL,0,0,1,NULL,'2016-02-08 22:00:19',NULL,0,NULL,NULL,'',0,0,'','',0),(19,'0','nameV','descriptionV','categoryV','qualityV','100','MXN',100,'presentation','specs','dimensionsV',1000,NULL,0,0,1,NULL,'2016-02-08 22:08:27',NULL,0,NULL,NULL,'',0,0,'','',0),(20,'0','Kit SPA','Kit con quemador de aceite de cerÃ¡mica,tea light y aceite aromÃ¡tico ','saldos','economic','','MXN',0,'carton','viene en empaque de 50 piezas por color','15cmx15cm',1000,2,0,0,1,NULL,'2016-02-08 22:41:37',NULL,0,NULL,NULL,'',0,0,'','',0),(21,'0','espejo autoadherible','espejo con cintas adhesivas en la parte superior e inferior','saldos','economic','','MXN',0,'blister','en empaque de 50 piezas colores surtidos','15.5cm x 23cm',1000,2,0,0,1,NULL,'2016-02-10 21:08:40',NULL,0,NULL,NULL,'',0,0,'','',0),(22,'0','MuÃ±eca spooky doll','muÃ±eca spooky doll 11 colores bolsa con copete\r\nempaque 50 piezas','saldos','economic','','MXN',0,'copete','muÃ±eca spooky doll empaque de 50 piezas surtidas','30cm x 12cm',1000,1,0,0,1,NULL,'2016-02-09 21:18:09',NULL,0,NULL,NULL,'',0,0,'','',0),(23,'0','MuÃ±eca mundo de cuento','MuÃ±eca mundo de cuento empaque de 48 piezas \r\ndiferentes colores de cabello','saldos','economic','','MXN',0,'carton','MuÃ±eca mundo de cuento empaque de 48 piezas surtidas\r\nvarios colores de cabello y diferentes colores de vestido','8cm x 25cm',1000,1,0,0,1,NULL,'2016-02-08 23:59:18',NULL,0,NULL,NULL,'',0,0,'','',0),(24,'0','Calcomania para uÃ±as','Calcomania de varniz para uÃ±as varios modelos\r\n20 diseÃ±os diferentes','saldos','economic','','MXN',0,'copete','Empaque de 50 piezas surtidas ','15.5cm x 6cm',1000,4,0,0,1,NULL,'2016-04-06 17:55:32',NULL,0,NULL,NULL,'',0,0,'','',0),(25,'0','Aromatizante para auto','Aromatizante para auto 6 aromas diferentes','saldos','economic','','MXN',0,'blister','Aromatizante para auto empaque 50 piezas surtidas\r\n6 aromas diferentes','9.5cm X 14cm',1000,14,0,0,1,NULL,'2016-04-14 16:04:57',NULL,0,NULL,NULL,'',0,0,'','',0),(26,'0','Luz neon para pivote de bicicleta','Luz neon para pivote de bicicleta un solo color ','saldos','economic','','MXN',0,'blister','luz neon para pivote de bicicleta un solo color empaque de 50 piezas','12cm X 7cm',1000,1,0,0,1,NULL,'2016-04-08 18:05:13',NULL,0,NULL,NULL,'',0,0,'','',0),(27,'0','Cargador de coche USB para auto','Cargador USB para auto 9 colores diferentes','saldos','economic','','MXN',0,'blister','Cargador USB para auto 9 colores diferentes empaque de 50 piezas surtidas ','14.5cm X 9.5cm',1000,2,0,0,1,NULL,'2016-02-10 16:54:32',NULL,0,NULL,NULL,'',0,0,'','',0),(28,'0','Lente de vista cansada con bolsa','Lente de vista cansada con bolsa de tela diferentes graduaciones 1.5, 2.0, 2.5, 3.0 y varios colores.','saldos','economic','','MXN',0,'copete','Lente de vista cansada con bolsa de tela diferente graduaciones 1.5, 2.0, 2.5, 3.0 y varios colores','10.5cm X 20cm',1000,NULL,0,0,1,NULL,'2016-02-09 17:53:48',NULL,0,NULL,NULL,'',0,0,'','',0),(29,'0','Juguete de agua destreza','Juguete de agua destreza figura de caballo','saldos','economic','','MXN',0,'copete','Juego de agua destreza figura de caballo, empaque 50 piezas con 4 colores','16cm X 16cm ',1000,NULL,0,0,1,NULL,'2016-02-09 18:06:45',NULL,0,NULL,NULL,'',0,0,'','',0),(30,'0','Luz de emergencia para bicicleta','luz de emergencia trasera para bicicleta ','saldos','economic','','MXN',0,'blister','Luz de emergencia trasera para bicicleta empaque de 50 piezas','11.5cm X 10.5cm',1000,NULL,0,0,1,NULL,'2016-02-09 18:19:33',NULL,0,NULL,NULL,'',0,0,'','',0),(31,'0','Peluche castor','Peluche figura de castor','saldos','economic','','MXN',0,'granel','Peluche figura de castor empaque de 100 piezas 2 colores','17cm de largo X 10cm de ancho X 5cm de alto',1000,NULL,0,0,1,NULL,'2016-02-09 18:28:20',NULL,0,NULL,NULL,'',0,0,'','',0),(32,'0','Lente de sol dama','lente de sol para dama en varios colores ','saldos','economic','','MXN',0,'other','Lente de sol para dama, viene protegida con bolsa de celofan sin copete, empaque de 20 piezas surtidas','17cm X 8cm ',1000,3,0,0,1,NULL,'2016-02-18 17:10:38',NULL,0,NULL,NULL,'',0,0,'','',0),(33,'0','Lente de sol dama','Lente de sol para dama en varios colores','saldos','economic','','MXN',0,'other','Lente sol para dama en varios colores, empaque de 20 piezas surtidas, viene protegido con una bolsa de celofan sin copete','28cm X 9cm',1000,NULL,0,0,1,NULL,'2016-02-09 18:53:47',NULL,0,NULL,NULL,'',0,0,'','',0),(34,'0','Lente shadowplay','Lente de sol para caballero en 4 colores diferentes','saldos','economic','','MXN',0,'other','Lente de sol para caballero en 4 colores diferentes, viene protegido por una bolsa de celofan, empaque de 20 piezas surtidas','17cm X 8.5cm ',1000,NULL,0,0,1,NULL,'2016-02-09 19:09:19',NULL,0,NULL,NULL,'',0,0,'','',0),(35,'0','Lente mariposa','Lente mariposa para dama en, 6 colores diferentes','saldos','economic','','MXN',0,'other','Lente de sol para dama en 6 colores diferentes, empaque de 20 piezas surtidas viene protegido por una bolsa de plastico','18.5cm X 8cm',1000,1,0,0,1,NULL,'2016-02-17 22:21:40',NULL,0,NULL,NULL,'',0,0,'','',0),(36,'0','Lente de sol','Lente de sol unisex en 6 colores','saldos','economic','','MXN',0,'other','Lente de sol unisex en 6 colores diferentes, empaque de 20 piezas surtidas viene protegido por una bolsa de plastico','28.5cm X 9cm',1000,2,0,0,1,NULL,'2016-04-04 20:02:05',NULL,0,NULL,NULL,'',0,0,'','',0),(37,'0','Lente de sol para dama','Lente de sol para dama en 6 colores diferentes','saldos','economic','','MXN',0,'other','Lente de sol para dama en 6 colores diferentes, empaque de 20 piezas surtidas, viene protegido por una bolsa de celofan ','17cm X 8cm',1000,NULL,0,0,1,NULL,'2016-02-09 19:43:16',NULL,0,NULL,NULL,'',0,0,'','',0),(38,'0','Lente london','Lente de sol para dama en 6 colores diferentes','saldos','economic','','MXN',0,'other','Lente de sol para dama en 6 colores diferentes, empaque de 20 piezas surtidas, viene protegido por una bolsa de celofan','18cm X 8cm',1000,NULL,0,0,1,NULL,'2016-02-09 19:52:54',NULL,0,NULL,NULL,'',0,0,'','',0),(39,'0','Lente espejo','Lente espejo unisex en 6 colores diferentes 4 colores diferentes de armazon ','saldos','economic','','MXN',0,'other','Lentes de sol espejo unisex en 4 colores diferente de armazon y 6 colores diferentes de espejo, empaque de 20 piezas surtidas, viene protegido por una bolsa de celofan','16.5cm X 8cm',1000,2,0,0,1,NULL,'2016-03-15 01:32:35',NULL,0,NULL,NULL,'',0,0,'','',0),(40,'0','Lente vogue','Lente de sol para dama en 4 colores diferentes','saldos','economic','','MXN',0,'other','lente de sol para dama 4 colores diferentes, empaque de 20 piezas surtidas, viene protegido con una bolsa de plastico','28cm X 8cm',1000,1,0,0,1,NULL,'2016-02-09 20:39:22',NULL,0,NULL,NULL,'',0,0,'','',0),(41,'0','Pulpos para sujetar ','Pulpos para sujetar, cuerdas con ganchos por ambos extremos para sujetar lo que necesites ','saldos','economic','','MXN',0,'copete','Pulpos para sujetar empaque de 50 piezas colores combinados.\r\nSon cuerdas tipo resorte con ganchos por ambos extremos para poder sujetar lo que necesites. ','',1000,NULL,0,0,1,NULL,'2016-02-09 21:02:53',NULL,0,NULL,NULL,'',0,0,'','',0),(42,'0','Cepillo con estuche','Cepillo de dientes con estuche, 3 colores deferentes','saldos','economic','','MXN',0,'blister','Cepillo de dientes con estuche, 3 colores diferentes, ideal para viaje\r\nempaque de 12 piezas surtidas','24cm X 7.5cm',1000,2,0,0,1,NULL,'2016-04-18 21:25:53',NULL,0,NULL,NULL,'',0,0,'','',0),(43,'0','Paquete de 60 inciensos con tabla de madera','Paquete de 60 inciensos y tabla de madera 8 aromas diferentes','saldos','economic','','MXN',0,'carton','Paquete de 60 inciensos con tabla de madera en 8 diferentes aromas \r\nRosa, sandalo, manzana, fresa,jazmin, lavanda, limon y oceano empaque de 50 piezas ','31cm X 12cm ',1000,1,0,0,1,NULL,'2016-02-09 22:28:36',NULL,0,NULL,NULL,'',0,0,'','',0),(44,'0','Audifonos varios','Audifonos 5 colores diferentes','saldos','economic','','MXN',0,'PVC','Audifonos 5 colores diferentes empaque de 50 piezas surtidas','17cm X 3cm',1000,12,0,0,1,NULL,'2016-03-09 23:58:07',NULL,0,NULL,NULL,'',0,0,'','',0),(45,'0','Petcilindro granada','en forma de granada PET ','hogar','regular',NULL,NULL,NULL,'carton','caja maestra 50 piezas','500ml 10cm',5000,NULL,1,1,5,NULL,'2016-02-10 17:09:31',NULL,0,NULL,NULL,'',0,0,'','',0),(46,'0','Venda fria','Venda fria con mentol','saldos','economic','','MXN',0,'other','Venda fria con mentol viene en bolsa sellada para proteger el producto.\r\nEmpaque de 50 piezas','19.5cm X 11cm',1000,2,0,0,1,NULL,'2016-02-10 21:18:13',NULL,0,NULL,NULL,'',0,0,'','',0),(47,'0','Dragones y mounstruos ','Figuras armables de dragones y mounstruos','saldos','economic','','MXN',0,'carton','Figuras armables de dragones y mounstruos, exibidor de carton con 24 piezas ','10cm X 8cm',1000,1,0,0,1,NULL,'2016-02-10 20:02:54',NULL,0,NULL,NULL,'',0,0,'','',0),(48,'0','Cable de seguredad para bicicleta','Cable de seguridad para bicicleta 4 colores diferentes','saldos','economic','','MXN',0,'other','Cable de seguridad para bicicleta en 4 colores, viene en carton empaque de 100 piezas','19cm X 11cm',1000,3,0,0,1,NULL,'2016-04-12 17:09:07',NULL,0,NULL,NULL,'',0,0,'','',0),(49,'0','Martillo','Martillo con mango de metal forrado la mitad de vinil','saldos','economic','','MXN',0,'granel','Martillo con mango de metal la mitad forrado de vinil, empaque de 50 piezas','24cm X 10cm',1000,NULL,0,0,1,NULL,'2016-02-10 20:22:30',NULL,0,NULL,NULL,'',0,0,'','',0),(50,'0','pastillero semanal','Pastillero semanal un solo color','saldos','economic','','MXN',0,'blister','pastillero semanal un solo color, empaque de 50 piezas','15.5cm X 12cm',1000,NULL,0,0,1,NULL,'2016-02-10 20:29:29',NULL,0,NULL,NULL,'',0,0,'','',0),(51,'0','Timbre de plastico','Timbre de plastico para bicicleta en 4 colores diferentes','saldos','economic','','MXN',0,'other','Timbre de plastico para bicicleta en 4 colores diferentes, empaque de 50 piezas, este producto viene en un carton','11.5cm X 6cm',1000,1,0,0,1,NULL,'2016-02-22 21:27:50',NULL,0,NULL,NULL,'',0,0,'','',0),(52,'0','Masajeador araÃ±a','AraÃ±a de madera para masaje un solo color','saldos','economic','','MXN',0,'granel','AraÃ±a de madera para masaje un solo color, empaque de 50 piezas','10cm X 11cm',1000,NULL,0,0,1,NULL,'2016-02-10 20:49:55',NULL,0,NULL,NULL,'',0,0,'','',0),(53,'0','Masajeador rodillo','Rodillo de madera para masaje un solo color','saldos','economic','','MXN',0,'granel','Rodillo de madera para masaje un solo color, empaque de 50 piezas','17cm X 6.5cm',1000,NULL,0,0,1,NULL,'2016-02-10 20:56:05',NULL,0,NULL,NULL,'',0,0,'','',0),(54,'0','Difusor con varitas','Difusor con varitas en 6 aromas diferentes','saldos','economic','','MXN',0,'PVC','Difusor con varitas en 6 aromas diferentes jazmin, rosa, limon, lavanda, aquamarina y vainilla, empaque de 50 piezas','13cm X 3cm',1000,1,0,0,1,NULL,'2016-03-07 21:12:29',NULL,0,NULL,NULL,'',0,0,'','',0),(55,'0','Venda ealastica','Venda elastica un solo color','saldos','economic','','MXN',0,'carton','Venda elastica un solo color, empaque de 50 piezas','19cm X 9.5cm',1000,NULL,0,0,1,NULL,'2016-02-10 21:16:51',NULL,0,NULL,NULL,'',0,0,'','',0),(56,'0','Trusa Cardigan Blanco','Cuerpo: Color Blanco y Negro: 100% Algodon Peinado\r\nColor Gris Jaspe: 90% Algodon Peinado, 10% Poliester\r\nElastico: Color Blanco: 89% Poliester, 11% Elastano.\r\nColor Gris: 91% Poliester, 9% Elastano.','textil','premium','$28.00','MXN',0,'copete','Trusa Cardigan Blanco, Bolsa con copete 1 pieza','Tallas CH, M, G, Y EX.',1000,7,0,0,1,NULL,'2016-03-08 16:41:03',NULL,0,NULL,NULL,'',0,0,'','',0),(57,'0','BOXER (TIPO TRUSA) 2 PZAS.	','Cuerpo: Color Blanco y Negro: 100% Algodon Peinado.\r\nColor Gris Jaspe: 90% Algodon Peinado, 10% Poliester.\r\nElastico: Color Blanco: 89% Poliester; 11% Elastano.\r\nColor Gris: 91% Poliester 9% Elastano.','textil','premium','$75.00','MXN',0,'copete','Boxer Tipo Trusa, Bolsa con 2 Piezas, Colores Gris, Blanco y Negro','Tallas CH, M, G, Y EX.',1000,4,0,0,1,NULL,'2016-04-14 16:05:19',NULL,0,NULL,NULL,'',0,0,'','',0),(58,'0','CAMISETA TIRANTES CARDIGAN BLANCO	','Camiseta Tirantes Cardigan Blanco.\r\nCuerpo: 100% Algodon Peinado.','textil','premium',' $38,00 ','MXN',0,'copete','Camiseta Tirantes Boslsa con 1 Pieza, Color Blanco','Tallas CH, M, G, Y EX.',1000,1,0,0,1,NULL,'2016-02-18 17:25:02',NULL,0,NULL,NULL,'',0,0,'','',0),(59,'0','PLAYERA C/REDONDO CHIFFON BLANCO	','Playera Cuello Redondo Chiffon Blanco.\r\nCuerpo: 100% Algodon Peinado','textil','premium',' $49,00 ','MXN',0,'copete','Playera Cuello Redondo Chiffon Blanco, Bolsa con 1 Pieza, Color Blanco','Tallas CH, M, G, Y EX.',1000,1,0,0,1,NULL,'2016-02-18 17:28:48',NULL,0,NULL,NULL,'',0,0,'','',0),(60,'0','PLAYERA C/V','Playera Con Cuello V Chiffon Blanco.\r\nCuerpo 100% Algodon Peinado.','textil','premium',' $50,00 ','MXN',0,'copete','Playera Con Cuello V Chiffon Blanco, Bolsa con 1 Pieza, Color Blanco','Tallas CH, M, G, Y EX.',1000,2,0,0,1,NULL,'2016-03-08 17:18:50',NULL,0,NULL,NULL,'',0,0,'','',0),(61,'0','LEOTARDO MANGA CORTA PARA DAMA	','Leotardo Manga Corta Para Dama. \r\nCuerpo: 100% Poliamida (Nylon)\r\nElastico: 70% Poliester, 30% Elastodieno','textil','premium',' $72,00 ','MXN',0,'copete','Leotardo Manga Corta Para Dama, Bolsa con 1 Pieza, En 5 Colores Diferentes','Tallas CH, M, G, Y EX.',1000,1,0,0,1,NULL,'2016-02-18 17:26:18',NULL,0,NULL,NULL,'',0,0,'','',0),(62,'0','nameVx','descriptionV','categoryV','qualityV','100','MXN',100,'presentation','specs','dimensionsV',1000,NULL,0,0,1,NULL,'2016-02-18 04:08:03',NULL,0,NULL,NULL,'',0,0,'','',0),(63,'0','XYZ','jojojo','juguetes','premium','67','MXN',200,'blister','edwecwec','23',1000,NULL,0,0,1,NULL,'2016-02-18 04:13:42',NULL,0,NULL,NULL,'',0,0,'','',0),(64,'0','LEOTARDO DAMA MANGA LARGA 100% NYLON BLANCO	','Leotardo Para Dama Manga Larga.\r\nCuerpo: 100% Poliamida (Naylon)\r\nElastico: 70% Poliester, 30% Elastodieno','textil','premium',' $89,00 ','MXN',0,'copete','Leotardo Para Dama Manga Larga. Bolsa con 1 Pieza, 2 Colores Blanco y Negro','Tallas CH, M, G, Y EX.',1000,2,0,0,1,NULL,'2016-03-09 23:57:27',NULL,0,NULL,NULL,'',0,0,'','',0),(65,'0','LEOTARDO MANGA LARGA NIÃ‘A	','Leotardo Para NiÃ±a Manga Larga. \r\nCuerpo: 100% Poliamida (Nylon)\r\nElastico: 70% Poliester, 30% Elastodieno','textil','premium',' $66,00 ','MXN',0,'copete','Leotardo Para NiÃ±a Manga Larga, Bolsa con 1 Pieza, 2 Colores Blanco y Negro','Talla 2-4, 5-7, 8-10 y 11-13.',1000,1,0,0,1,NULL,'2016-02-18 17:29:42',NULL,0,NULL,NULL,'',0,0,'','',0),(66,'0','LEOTARDO MANGA CORTA NIÃ‘A	','Leotardo Para NiÃ±a Manga Corta.\r\nCuerpo: 100% Poliamida (Nylon)\r\nElastico: 70% Poliester, 30% Elastidieno.','textil','premium',' $52,50 ','MXN',100,'copete','Leotardo Para NiÃ±a, Bolsa con 1 Pieza, En 7 Colores Diferentes, Blanco, Negro, Azul Marino, Rosa, Rojo, Amarillo, Azul Rey y Verde.','Talla 2-4, 5-7, 8-10 y 11-13.',1000,1,0,0,1,NULL,'2016-03-15 01:31:03',NULL,0,NULL,NULL,'',0,0,'','',0),(67,'0','ppppppp','cfcedfcdfcv efvedf','juguetes','premium','20','MXN',0,'tag','','20x30x10',3000,1,0,0,1,NULL,'2016-02-19 02:21:12',NULL,0,NULL,NULL,'',0,0,'','',0),(68,'0','Lighsable','SDtarjeoifj','otros','premium',NULL,NULL,NULL,'carton','Coleccion lightsable','',1000,NULL,1,1,5,NULL,'2016-02-22 22:55:31',NULL,0,NULL,NULL,'',0,0,'','',0),(69,'0','Balon de Futbol','Balon basico','deportivos','regular',NULL,NULL,NULL,'carton','Caja Maestra de 50 piezas','diametro de 8',20000,NULL,1,1,5,NULL,'2016-02-23 16:45:51',NULL,0,NULL,NULL,'',0,0,'','',0),(70,'0','Tank Top Dona','playera dljfldsfnsldknsldnsdjnfgds','textil','premium',NULL,NULL,NULL,'tag','caja maestrza jgpkdmh','small',13000,NULL,1,1,5,NULL,'2016-02-25 03:04:14',NULL,0,NULL,NULL,'',0,0,'','',0),(71,'0','taza verde','taza','hogar','premium',NULL,NULL,NULL,'carton','','7cm',1000,NULL,1,1,5,NULL,'2016-02-26 17:25:14',NULL,0,NULL,NULL,'',0,0,'','',0),(85,'XC3539','Audifonos Super','Sume?rgete en una experiencia sensacional. La linea Mate cuenta con una gama de sonidos ma?s dina?mica y ma?s amplia, asi? como con una claridad que te acercara? justo donde el artista pretende. Independientemente de si lo tuyo es el hip-hop, el heavy met','','',NULL,NULL,NULL,'',NULL,NULL,NULL,NULL,NULL,NULL,1,NULL,'2016-05-02 18:19:29',10,0,NULL,NULL,'',0,0,'','',50),(86,'XC2545','Audifonos Mega','Based on a rough sketch by Kevin Eastman, Mondo\'s The First Turtle pays tribute to the origins of the Teenage Mutant Ninja Turtles. The figure was announced in May 2015, going up for pre-order at the same time.','','',NULL,NULL,NULL,'',NULL,NULL,NULL,NULL,NULL,NULL,1,NULL,'2016-05-02 18:19:47',8,0,NULL,NULL,'',0,0,'','',50);
/*!40000 ALTER TABLE `productold` ENABLE KEYS */;
UNLOCK TABLES;

--
-- Table structure for table `proposedProduct`
--

DROP TABLE IF EXISTS `proposedProduct`;
/*!40101 SET @saved_cs_client     = @@character_set_client */;
/*!40101 SET character_set_client = utf8 */;
CREATE TABLE `proposedProduct` (
  `idProposedProduct` int(11) NOT NULL AUTO_INCREMENT,
  `product_idProduct` int(11) NOT NULL,
  `product_idProduct1` int(11) NOT NULL,
  `adjustments` varchar(255) DEFAULT NULL,
  `rejected` tinyint(1) DEFAULT NULL,
  `timestamp` timestamp NOT NULL DEFAULT CURRENT_TIMESTAMP ON UPDATE CURRENT_TIMESTAMP,
  PRIMARY KEY (`idProposedProduct`),
  KEY `fk_proposedProduct_product1_idx` (`product_idProduct`),
  KEY `fk_proposedProduct_product2_idx` (`product_idProduct1`),
  CONSTRAINT `fk_proposedProduct_product1` FOREIGN KEY (`product_idProduct`) REFERENCES `productold` (`idProduct`) ON DELETE CASCADE ON UPDATE CASCADE,
  CONSTRAINT `fk_proposedProduct_product2` FOREIGN KEY (`product_idProduct1`) REFERENCES `productold` (`idProduct`) ON DELETE CASCADE ON UPDATE CASCADE
) ENGINE=InnoDB AUTO_INCREMENT=49 DEFAULT CHARSET=latin1;
/*!40101 SET character_set_client = @saved_cs_client */;

--
-- Dumping data for table `proposedProduct`
--

LOCK TABLES `proposedProduct` WRITE;
/*!40000 ALTER TABLE `proposedProduct` DISABLE KEYS */;
INSERT INTO `proposedProduct` VALUES (34,1,3,'Es un producto demasiado costoso  njunu unu',1,'2016-02-19 02:46:26'),(35,1,5,'Este producto  me interesa junumn u7n',0,'2016-02-19 02:46:26'),(42,68,58,'me uguoigÃ±igiygiulhiulv',0,'2016-02-22 23:02:01'),(43,68,27,'',1,'2016-02-22 23:02:01'),(44,68,42,'ljgjhfuktfuyfulfutfutfutkjhougoÃ±ugÃ±iyfg',0,'2016-02-22 23:02:01'),(45,45,25,'',1,'2016-04-12 17:25:34'),(46,45,44,'',1,'2016-04-12 17:25:34'),(47,45,10,'',0,'2016-04-12 17:25:34'),(48,45,13,'',0,'2016-04-12 17:25:34');
/*!40000 ALTER TABLE `proposedProduct` ENABLE KEYS */;
UNLOCK TABLES;

--
-- Table structure for table `quality`
--

DROP TABLE IF EXISTS `quality`;
/*!40101 SET @saved_cs_client     = @@character_set_client */;
/*!40101 SET character_set_client = utf8 */;
CREATE TABLE `quality` (
  `idQuality` int(11) unsigned NOT NULL AUTO_INCREMENT,
  `slug` varchar(50) NOT NULL,
  `name` varchar(50) NOT NULL,
  `position` int(11) DEFAULT NULL,
  PRIMARY KEY (`idQuality`)
) ENGINE=InnoDB AUTO_INCREMENT=5 DEFAULT CHARSET=utf8;
/*!40101 SET character_set_client = @saved_cs_client */;

--
-- Dumping data for table `quality`
--

LOCK TABLES `quality` WRITE;
/*!40000 ALTER TABLE `quality` DISABLE KEYS */;
INSERT INTO `quality` VALUES (1,'premium','Premium',1),(2,'regular','Regular',2),(3,'economica','Económica',4),(4,'estandar','Estandar',3);
/*!40000 ALTER TABLE `quality` ENABLE KEYS */;
UNLOCK TABLES;

--
-- Table structure for table `subcategory`
--

DROP TABLE IF EXISTS `subcategory`;
/*!40101 SET @saved_cs_client     = @@character_set_client */;
/*!40101 SET character_set_client = utf8 */;
CREATE TABLE `subcategory` (
  `idSubcategory` int(11) unsigned NOT NULL AUTO_INCREMENT,
  `category_id` int(11) unsigned NOT NULL DEFAULT '0',
  `name` varchar(60) NOT NULL,
  `slug` varchar(60) NOT NULL,
  PRIMARY KEY (`idSubcategory`)
) ENGINE=MyISAM AUTO_INCREMENT=77 DEFAULT CHARSET=latin1;
/*!40101 SET character_set_client = @saved_cs_client */;

--
-- Dumping data for table `subcategory`
--

LOCK TABLES `subcategory` WRITE;
/*!40000 ALTER TABLE `subcategory` DISABLE KEYS */;
INSERT INTO `subcategory` VALUES (2,1,'Autos','autos'),(3,1,'Motos','motos'),(4,1,'Bicicletas','bicicletas'),(5,2,'Tecnología','tecnologia'),(6,2,'Audio y Video','audiovideo'),(7,2,'Gadgets','gadgets'),(8,2,'Otros Electrónica','otroselectronica'),(9,3,'Decoración','decoracion'),(10,3,'Cocina','cocina'),(11,3,'Mesa','mesa'),(12,3,'Blancos','blancos'),(13,3,'Esenciales Hogar','esencialeshogar'),(14,4,'Accesorio Dama','accdama'),(15,4,'Accesorio Caballero','acccaballero'),(16,5,'Ropa Dama','ropadama'),(17,5,'Ropa Caballero','ropacaballero'),(18,5,'Ropa Bebe','ropabebe'),(19,5,'Ropa Niño','ropanino'),(20,6,'Oficina Promo','oficinapromo'),(21,6,'Gadgets Promo','gadgetpromo'),(22,6,'Esenciales Promo','esencialespromo'),(23,7,'Artículos Deportivos','articulodeportivo'),(24,7,'Ropa Deportiva','ropadeportiva'),(25,7,'Accesorios Deporte','accdeporte'),(26,8,'Perfumería','perfumeria'),(27,8,'Cosmeticos','cosmeticos'),(28,8,'Cuidado Personal','cuidadopersonal'),(29,8,'Protección e Higiene','proteccionhigiene'),(30,9,'Esenciales Mascota','esencialmascota'),(31,9,'Juguete Mascota','juguetemascota'),(32,9,'Accesorios Mascota','accmascota'),(33,10,'Niño Juguete','ninojuguete'),(34,10,'Niña Juguete ','ninajuguete'),(35,10,'Peluche','peluche'),(36,10,'Otros Juguetes','otrosjuguete'),(37,13,'Calzado Dama','calzadodama'),(38,13,'Calzado Caballero','calzadocaballero'),(39,13,'Calzado Niños','calzadoninos'),(40,14,'Esenciales Bebe','esencialbebe'),(41,14,'Juguetes Bebe','juguetebebe'),(42,15,'Vinos y Licores','vinoslicores'),(43,15,'Alimentos','alimentos'),(44,15,'Dulcería','dulceria'),(45,16,'Escolar','escolar'),(46,16,'Oficina','oficina');
/*!40000 ALTER TABLE `subcategory` ENABLE KEYS */;
UNLOCK TABLES;

--
-- Table structure for table `supplier`
--

DROP TABLE IF EXISTS `supplier`;
/*!40101 SET @saved_cs_client     = @@character_set_client */;
/*!40101 SET character_set_client = utf8 */;
CREATE TABLE `supplier` (
  `idSupplier` int(11) unsigned NOT NULL AUTO_INCREMENT,
  `idcustome` varchar(50) CHARACTER SET latin1 NOT NULL DEFAULT '0',
  `name` varchar(60) CHARACTER SET latin1 NOT NULL,
  `legal_name` varchar(60) CHARACTER SET latin1 NOT NULL,
  `description` text CHARACTER SET latin1 NOT NULL,
  `category` varchar(50) CHARACTER SET latin1 NOT NULL,
  `office_address` varchar(120) CHARACTER SET latin1 NOT NULL,
  `office_warehouse` varchar(120) CHARACTER SET latin1 NOT NULL,
  `designee` varchar(120) CHARACTER SET latin1 NOT NULL,
  `designee_phone` varchar(30) CHARACTER SET latin1 NOT NULL,
  `designee_mobile` varchar(30) CHARACTER SET latin1 NOT NULL,
  `designee_email` varchar(255) CHARACTER SET latin1 NOT NULL,
  `manager` varchar(120) CHARACTER SET latin1 NOT NULL,
  `manager_phone` varchar(120) CHARACTER SET latin1 NOT NULL,
  `manager_mobile` varchar(120) CHARACTER SET latin1 NOT NULL,
  `manager_email` varchar(120) CHARACTER SET latin1 NOT NULL,
  `directory` varchar(255) CHARACTER SET latin1 NOT NULL,
  `registered` timestamp NULL DEFAULT CURRENT_TIMESTAMP,
  PRIMARY KEY (`idSupplier`)
) ENGINE=InnoDB AUTO_INCREMENT=44 DEFAULT CHARSET=utf8;
/*!40101 SET character_set_client = @saved_cs_client */;

--
-- Dumping data for table `supplier`
--

LOCK TABLES `supplier` WRITE;
/*!40000 ALTER TABLE `supplier` DISABLE KEYS */;
INSERT INTO `supplier` VALUES (7,'SGT160011','Pinord','Pinord','Vinos de diferentes uvas y denominacion de origen,de aguja,orgánicos y jóvenes','GOURMET','cerrada de los vinos 14 colonia España Mex DF','cerrada de los vinos 14 colonia España Mex DF','Fernando Perfecto','614 203 6809','614 203 6809','Fperfecto@hotmail.com','Fernando Perfecto','614 203 6809','614 203 6809','Fperfecto@hotmail.com','dc93b6d795940351d7a52431b9901344','2016-06-06 15:57:07'),(19,'STX16008','London Confecciones','London Confecciones SA de CV','Leotardos niña y Dama                                              ropa interior caballero   playera cuello redondo, playera cuello V, trusas largas y cortas','textil','Av San Lorenzo 279 interior 15-A1, San Nicolas Tolentino, Iztapalapa, Mexico DF cp 09850','Av San Lorenzo 279 interior 15-A1, San Nicolas Tolentino, Iztapalapa, Mexico DF cp 09850','Silvia Casanova Lance','56129306','5591855422','londonc2003@prodigy.net.mx','Carlos Casanova ','56129306','5532323557','carloscasanova@hotmail.com','a4abefaa0036202a1295274a44624943','2016-08-08 22:56:35'),(25,'STX16008','London Confecciones','London Confecciones SA de CV','Leotardos niña y Dama                                              ropa interior caballero   playera cuello redondo, playera cuello V, trusas largas y cortas','textil','Av San Lorenzo 279 interior 15-A1, San Nicolas Tolentino, Iztapalapa, Mexico DF cp 09850','Av San Lorenzo 279 interior 15-A1, San Nicolas Tolentino, Iztapalapa, Mexico DF cp 09850','Silvia Casanova Lance','56129306','5591855422','londonc2003@prodigy.net.mx','Carlos Casanova ','56129306','5532323557','carloscasanova@hotmail.com','9bc508dbe402801ca52779db66906a7a','2016-08-09 00:43:33'),(26,'Lo asigna TT','PINORD','SOLUCIONES INTEGRALES DÍAZ, SOCIEDAD ANÓNIMA DE CAPITAL VARI','VINOS TINTOS, BLANCOS, ROSADOS, DE AGUJA, CAVAS, DE POSTRE, KOSHER Y DE COCINA.','GOURMET/VINOS Y LICORES','AVENIDA HUAYACÁN SM. 312 MZ. 13 .LT.1, CANCÚN, BENITO JUÁREZ, QUINTANA ROO.','CALLE RODAS MZ. 31 LT. 1 RESIDENCIAL ISLAZUL SM. 312 77560, CANCÚN, BENITO JUÁREZ, QUINTANA ROO.                        ','ROUGIER MONDRAGÓN ESQUIVEL (CANCÚN) FERNANDO PERFECTO CRUZ (CDMX)','01 998 883 9079 (CUN)         ','044 55 14 60 21 91            ','rougier@pinordcancun.com                                   fernando@pinordcancun.com','FERNANDO PERFECTO CRUZ','33 00 19 00','044 55 52 17 23 84','fernando@pinordcancun.com','ab98e92e473cafba4dddcdb16c19935c','2016-08-10 16:54:17'),(29,'SBQ160002','Creacciones Goguis','Gloria Manzanilla Berlin','Muñecas de trapo y juguetes confeccionados en tela','BOUTIQUE,JUGUETES','gruta 15 jard de la luna chihuahua chis','gruta 15 jard de la luna chihuahua chis','Ana Maria Manzanilla','55681303','55 5529663987','ana@tametraffic.com','Santiago Quintanilla','55683467','55284879','santiago@tametraffic.com','a66f2a5e9eb1c741bf9d7bf2542119cc','2016-08-15 16:03:36'),(30,'SBQ160001','MACRINA','OLIVIA LEON ORTIZ','Elaboración de objetos unicos, hechos de barro oaxaqueño. ','CERAMICA ORNAMENTAL Y UTILITARIA ','Escollo 139 A, Ampliacion las aguilas. Alvaro obregón 01710','Escollo 139A, Ampliacion las aguilas. Alvaro Obregón 01710','Olivia leon Ortiz','5564139433','5564139433','olivialeonortiz@gmail.com','Olivia León Ortiz','5564139433','5564139433','olivialeonortiz@gmail.com','df5538342cb32e529c45b583bc6601bd','2016-08-15 19:07:31'),(31,'SCH00001','Tame Traffic','Tame Traffic SA de CV','Plataforma de produccion de productos terminador para su venta a mayoreo y medio mayoreo','juguetes,hogar,papeleria,deportes','cerrada de los vinos 14 colonia España Mex DF','cerrada de los vinos 14 colonia España Mex DF','Santiago Quintanilla','614 203 6809','614 203 6809','santiago@tametraffic.com','Santiago Quintanilla','614 203 6809','5541944208','santiago@tametraffic.com','de9e15125ecc3c09777a7bab57b19742','2016-08-15 19:18:10'),(42,'neu001','Neuland','neuland sa de cv','soluciones electronicas tipo steren pero mas chido','tecnologia','cda miguel noreña no.18 col. san jose insurgentes','cda miguel noreña no.18 int-666 col. san jose insurgentes','gustavo','36871574','5521151286','gustavo@yanku.mx','chavez','53870122','1234567810','yo@mi.com','60b4ee15541fc32e6aee4f834344a425','2016-10-13 23:10:13'),(43,'prueba01','Prueba','Prueba SA de CV','soluciones electronicas tipo steren pero mas chido','tecnologia','cda miguel noreña no.18 col. san jose insurgentes','cda miguel noreña no.18 int-666 col. san jose insurgentes','gustavo','36871574','5521151286','gustavo@yanku.mx','chavez','53870122','1234567810','yo@mi.com','340f7f304896bf5894022e8fbfd98a1f','2016-10-21 15:56:00');
/*!40000 ALTER TABLE `supplier` ENABLE KEYS */;
UNLOCK TABLES;

--
-- Table structure for table `taxableEntity`
--

DROP TABLE IF EXISTS `taxableEntity`;
/*!40101 SET @saved_cs_client     = @@character_set_client */;
/*!40101 SET character_set_client = utf8 */;
CREATE TABLE `taxableEntity` (
  `idTaxableEntity` int(11) NOT NULL AUTO_INCREMENT,
  `RFC` varchar(255) NOT NULL,
  `type` varchar(255) NOT NULL,
  `name` varchar(255) NOT NULL,
  `address` varchar(255) NOT NULL,
  `phone` varchar(45) DEFAULT NULL,
  `timestamp` timestamp NOT NULL DEFAULT CURRENT_TIMESTAMP ON UPDATE CURRENT_TIMESTAMP,
  `user_idUser` int(11) NOT NULL,
  PRIMARY KEY (`idTaxableEntity`),
  KEY `fk_entity_user1_idx` (`user_idUser`),
  CONSTRAINT `fk_entity_user1` FOREIGN KEY (`user_idUser`) REFERENCES `user` (`idUser`) ON DELETE CASCADE ON UPDATE CASCADE
) ENGINE=InnoDB AUTO_INCREMENT=3 DEFAULT CHARSET=latin1;
/*!40101 SET character_set_client = @saved_cs_client */;

--
-- Dumping data for table `taxableEntity`
--

LOCK TABLES `taxableEntity` WRITE;
/*!40000 ALTER TABLE `taxableEntity` DISABLE KEYS */;
INSERT INTO `taxableEntity` VALUES (1,'wefwerwer','physical','werfwer','werfwe','54465','2016-01-22 00:17:08',4),(2,'SQM!223123','physical','Santiago Quintanilla','Av. Toluca 468 dpto 202','41686224','2016-02-09 19:01:10',5);
/*!40000 ALTER TABLE `taxableEntity` ENABLE KEYS */;
UNLOCK TABLES;

--
-- Table structure for table `user`
--

DROP TABLE IF EXISTS `user`;
/*!40101 SET @saved_cs_client     = @@character_set_client */;
/*!40101 SET character_set_client = utf8 */;
CREATE TABLE `user` (
  `idUser` int(11) NOT NULL AUTO_INCREMENT,
  `nickname` varchar(18) NOT NULL,
  `email` varchar(255) NOT NULL,
  `password` varchar(255) NOT NULL,
  `name` varchar(255) NOT NULL,
  `pLastname` varchar(255) DEFAULT NULL,
  `address` varchar(255) DEFAULT NULL,
  `birthday` datetime DEFAULT NULL,
  `phone` varchar(45) DEFAULT NULL,
  `access` int(11) NOT NULL DEFAULT '0',
  `locked` tinyint(1) NOT NULL DEFAULT '1',
  `timestamp` timestamp NOT NULL DEFAULT CURRENT_TIMESTAMP ON UPDATE CURRENT_TIMESTAMP,
  PRIMARY KEY (`idUser`)
) ENGINE=InnoDB AUTO_INCREMENT=12 DEFAULT CHARSET=latin1;
/*!40101 SET character_set_client = @saved_cs_client */;

--
-- Dumping data for table `user`
--

LOCK TABLES `user` WRITE;
/*!40000 ALTER TABLE `user` DISABLE KEYS */;
INSERT INTO `user` VALUES (1,'adm1n','santiago_quintanilla@hotmail.com','$2y$10$QTxwwQWpJsULmgjtiGYWu.XrGSWi1x1ayJaIEzIWzfroF47QEY3GK','adm1n','adm1n','ya tu sabe','2015-06-08 00:00:00','55',1,0,'2016-06-30 22:26:41'),(4,'Ferguxano','fernando@yanku.mx','$2y$10$QTxwwQWpJsULmgjtiGYWu.XrGSWi1x1ayJaIEzIWzfroF47QEY3GK','Fernando','Rdx','Tijuanak','1990-04-16 00:00:00','2323434234',0,0,'2016-06-30 22:26:47'),(5,'Santiago','semillero.bd@gmail.com','$2y$10$QTxwwQWpJsULmgjtiGYWu.XrGSWi1x1ayJaIEzIWzfroF47QEY3GK','Santiago','Quintanilla','Av. Toluca 468 dpto 202','0000-00-00 00:00:00','41686224',0,1,'2016-06-30 22:26:53'),(6,'Thiago','thiagoquinta@hotmail.com','$2y$10$QTxwwQWpJsULmgjtiGYWu.XrGSWi1x1ayJaIEzIWzfroF47QEY3GK','thiago','thiago','Av. Toluca 468 dpto 202','0000-00-00 00:00:00','41686224',0,1,'2016-06-30 22:26:59'),(7,'Santiago Manzanill','squintanilla@urbanetrends.com','$2y$10$QTxwwQWpJsULmgjtiGYWu.XrGSWi1x1ayJaIEzIWzfroF47QEY3GK','Santiago','Manzanilla','Av. Toluca 468 dpto 202','0000-00-00 00:00:00','41686224',0,1,'2016-06-30 22:27:04'),(8,'Du Solier','carlos@tametraffic.com','$2y$10$QTxwwQWpJsULmgjtiGYWu.XrGSWi1x1ayJaIEzIWzfroF47QEY3GK','Carlos','Velasco Du Solier','Copenhague #4 Col. JuÃ¡rez CP. 06600','0000-00-00 00:00:00','5550750915',0,0,'2016-06-30 22:27:09'),(9,'Santino','santiagoquintanillamanzanilla@gmail.com','$2y$10$QTxwwQWpJsULmgjtiGYWu.XrGSWi1x1ayJaIEzIWzfroF47QEY3GK','Santino','Scocco','Malta','0000-00-00 00:00:00','55681303',0,1,'2016-06-30 22:27:15'),(10,'diego','diegonava@gruponeu.com','$2y$10$ZNklqVJVBlv/JB7BYH8XZOZK/YzNRD1ViRBmcFSUkOvZcIIPJQROi','nava','aram','kdkdkdkdkd','2003-09-18 00:00:00','5567890987',0,0,'2017-04-24 22:22:16'),(11,'Ricardo','ricardo@yanku.mx','$2y$10$MbCYDkJsLiyrauB273IJc.8QX/4JOUjOWAQ9tGMavUepO9IeNLLCm','',NULL,NULL,NULL,NULL,0,1,'2017-05-19 20:58:15');
/*!40000 ALTER TABLE `user` ENABLE KEYS */;
UNLOCK TABLES;

--
-- Table structure for table `user_has_container_note`
--

DROP TABLE IF EXISTS `user_has_container_note`;
/*!40101 SET @saved_cs_client     = @@character_set_client */;
/*!40101 SET character_set_client = utf8 */;
CREATE TABLE `user_has_container_note` (
  `idUser_has_container_note` int(11) NOT NULL AUTO_INCREMENT,
  `user_idUser` int(11) NOT NULL,
  `container_idContainer` int(11) NOT NULL,
  `content` varchar(255) DEFAULT NULL,
  `timestamp` timestamp NOT NULL DEFAULT CURRENT_TIMESTAMP ON UPDATE CURRENT_TIMESTAMP,
  PRIMARY KEY (`idUser_has_container_note`,`user_idUser`,`container_idContainer`),
  KEY `fk_user_has_container_container1_idx` (`container_idContainer`),
  KEY `fk_user_has_container_user1_idx` (`user_idUser`),
  CONSTRAINT `fk_user_has_container_container1` FOREIGN KEY (`container_idContainer`) REFERENCES `container` (`idContainer`) ON DELETE CASCADE ON UPDATE CASCADE,
  CONSTRAINT `fk_user_has_container_user1` FOREIGN KEY (`user_idUser`) REFERENCES `user` (`idUser`) ON DELETE CASCADE ON UPDATE CASCADE
) ENGINE=InnoDB DEFAULT CHARSET=latin1;
/*!40101 SET character_set_client = @saved_cs_client */;

--
-- Dumping data for table `user_has_container_note`
--

LOCK TABLES `user_has_container_note` WRITE;
/*!40000 ALTER TABLE `user_has_container_note` DISABLE KEYS */;
/*!40000 ALTER TABLE `user_has_container_note` ENABLE KEYS */;
UNLOCK TABLES;

--
-- Table structure for table `user_has_product_note`
--

DROP TABLE IF EXISTS `user_has_product_note`;
/*!40101 SET @saved_cs_client     = @@character_set_client */;
/*!40101 SET character_set_client = utf8 */;
CREATE TABLE `user_has_product_note` (
  `idUser_has_product_note` int(11) NOT NULL AUTO_INCREMENT,
  `user_idUser` int(11) NOT NULL,
  `product_idProduct` int(11) NOT NULL,
  `content` varchar(255) DEFAULT NULL,
  `timestamp` timestamp NOT NULL DEFAULT CURRENT_TIMESTAMP ON UPDATE CURRENT_TIMESTAMP,
  PRIMARY KEY (`idUser_has_product_note`,`user_idUser`,`product_idProduct`),
  KEY `fk_user_has_product_product1_idx` (`product_idProduct`),
  KEY `fk_user_has_product_user1_idx` (`user_idUser`),
  CONSTRAINT `fk_user_has_product_product1` FOREIGN KEY (`product_idProduct`) REFERENCES `productold` (`idProduct`) ON DELETE CASCADE ON UPDATE CASCADE,
  CONSTRAINT `fk_user_has_product_user1` FOREIGN KEY (`user_idUser`) REFERENCES `user` (`idUser`) ON DELETE CASCADE ON UPDATE CASCADE
) ENGINE=InnoDB AUTO_INCREMENT=3 DEFAULT CHARSET=latin1;
/*!40101 SET character_set_client = @saved_cs_client */;

--
-- Dumping data for table `user_has_product_note`
--

LOCK TABLES `user_has_product_note` WRITE;
/*!40000 ALTER TABLE `user_has_product_note` DISABLE KEYS */;
INSERT INTO `user_has_product_note` VALUES (1,5,68,'esta verguisima pero hace falta un diseÃ±ador caja','2016-02-22 22:49:36'),(2,5,70,'esta de huevos','2016-02-25 03:03:34');
/*!40000 ALTER TABLE `user_has_product_note` ENABLE KEYS */;
UNLOCK TABLES;
/*!40103 SET TIME_ZONE=@OLD_TIME_ZONE */;

/*!40101 SET SQL_MODE=@OLD_SQL_MODE */;
/*!40014 SET FOREIGN_KEY_CHECKS=@OLD_FOREIGN_KEY_CHECKS */;
/*!40014 SET UNIQUE_CHECKS=@OLD_UNIQUE_CHECKS */;
/*!40101 SET CHARACTER_SET_CLIENT=@OLD_CHARACTER_SET_CLIENT */;
/*!40101 SET CHARACTER_SET_RESULTS=@OLD_CHARACTER_SET_RESULTS */;
/*!40101 SET COLLATION_CONNECTION=@OLD_COLLATION_CONNECTION */;
/*!40111 SET SQL_NOTES=@OLD_SQL_NOTES */;

-- Dump completed on 2017-06-02 15:11:03
